date,realised_vol,realised_var
2018-08-15,0.830611,0.689915
2018-08-16,0.636919,0.405666
2018-08-17,0.614825,0.378009
2018-08-18,0.475097,0.225717
2018-08-19,0.423706,0.179527
2018-08-20,0.506276,0.256315
2018-08-21,0.387393,0.150073
2018-08-22,1.17738,1.38623
2018-08-23,0.344019,0.118349
2018-08-24,0.356997,0.127447
2018-08-25,0.281415,0.0791944
2018-08-26,0.342195,0.117097
2018-08-27,0.425305,0.180884
2018-08-28,0.352145,0.124006
2018-08-29,0.324289,0.105163
2018-08-30,0.36724,0.134865
2018-08-31,0.33588,0.112816
2018-09-01,0.3217,0.103491
2018-09-02,0.348877,0.121715
2018-09-03,0.290167,0.0841968
2018-09-04,0.252122,0.0635655
2018-09-05,0.827574,0.684878
2018-09-06,0.866135,0.75019
2018-09-07,0.463924,0.215226
2018-09-08,0.728618,0.530884
2018-09-09,0.54762,0.299887
2018-09-10,0.367688,0.135194
2018-09-11,0.378284,0.143099
2018-09-12,0.279467,0.078102
2018-09-13,0.313955,0.0985676
2018-09-14,0.393783,0.155065
2018-09-15,0.237195,0.0562613
2018-09-16,0.269683,0.072729
2018-09-17,0.3926,0.154135
2018-09-18,0.269679,0.072727
2018-09-19,0.696124,0.484589
2018-09-20,0.335223,0.112375
2018-09-21,0.440682,0.194201
2018-09-22,0.333873,0.111471
2018-09-23,0.229048,0.0524628
2018-09-24,0.282922,0.0800449
2018-09-25,0.392309,0.153907
2018-09-26,0.271146,0.07352
2018-09-27,0.356328,0.126969
2018-09-28,0.468847,0.219818
2018-09-29,0.384554,0.147882
2018-09-30,0.289319,0.0837054
2018-10-01,0.264432,0.0699245
2018-10-02,0.19299,0.0372453
2018-10-03,0.272024,0.0739968
2018-10-04,0.271985,0.0739756
2018-10-05,0.203713,0.0414988
2018-10-06,0.124926,0.0156064
2018-10-07,0.172037,0.0295967
2018-10-08,0.167396,0.0280215
2018-10-09,0.0889309,0.0079087
2018-10-10,0.197897,0.0391633
2018-10-11,0.843334,0.711211
2018-10-12,0.207515,0.0430625
2018-10-13,0.131053,0.0171748
2018-10-14,0.159741,0.0255172
2018-10-15,1.19818,1.43564
2018-10-16,0.230053,0.0529245
2018-10-17,0.120069,0.0144166
2018-10-18,0.204059,0.0416403
2018-10-19,0.106604,0.0113645
2018-10-20,0.109889,0.0120756
2018-10-21,0.109443,0.0119778
2018-10-22,0.105844,0.0112029
2018-10-23,0.0901007,0.00811813
2018-10-24,0.15301,0.0234119
2018-10-25,0.109758,0.0120469
2018-10-26,0.185728,0.0344949
2018-10-27,0.0580414,0.0033688
2018-10-28,0.0568303,0.00322969
2018-10-29,0.364533,0.132884
2018-10-30,0.0975679,0.0095195
2018-10-31,0.246287,0.0606575
2018-11-01,0.0848627,0.00720168
2018-11-02,0.0929739,0.00864414
2018-11-03,0.0740779,0.00548754
2018-11-04,0.180682,0.0326459
2018-11-05,0.0988674,0.00977477
2018-11-06,0.119876,0.0143703
2018-11-07,0.214083,0.0458317
2018-11-08,0.20065,0.0402606
2018-11-09,0.14786,0.0218626
2018-11-10,0.0636492,0.00405122
2018-11-11,0.125663,0.0157913
2018-11-12,0.132803,0.0176367
2018-11-13,0.181874,0.0330782
2018-11-14,1.57879,2.49257
2018-11-15,1.03612,1.07355
2018-11-16,0.441192,0.194651
2018-11-17,0.286418,0.0820353
2018-11-18,0.235841,0.055621
2018-11-19,1.18286,1.39916
2018-11-20,2.00904,4.03623
2018-11-21,1.3152,1.72975
2018-11-22,0.704069,0.495713
2018-11-23,0.88925,0.790765
2018-11-24,1.25468,1.57423
2018-11-25,1.91575,3.6701
2018-11-26,1.63511,2.67359
2018-11-27,1.12202,1.25892
2018-11-28,1.04849,1.09934
2018-11-29,1.00578,1.0116
2018-11-30,1.02209,1.04466
2018-12-01,0.72144,0.520475
2018-12-02,0.799551,0.639282
2018-12-03,0.858204,0.736513
2018-12-04,0.708878,0.502508
2018-12-05,0.719456,0.517617
2018-12-06,1.20308,1.4474
2018-12-07,1.22949,1.51164
2018-12-08,0.977808,0.956108
2018-12-09,0.698466,0.487855
2018-12-10,0.837327,0.701117
2018-12-11,0.534695,0.285898
2018-12-12,0.447976,0.200682
2018-12-13,0.602364,0.362842
2018-12-14,0.688055,0.473419
2018-12-15,0.448429,0.201089
2018-12-16,0.325146,0.10572
2018-12-17,0.826182,0.682578
2018-12-18,0.625598,0.391373
2018-12-19,0.822282,0.676148
2018-12-20,1.22982,1.51245
2018-12-21,1.08669,1.18089
2018-12-22,0.650942,0.423725
2018-12-23,0.563002,0.316971
2018-12-24,0.871782,0.760004
2018-12-25,1.08372,1.17445
2018-12-26,0.692126,0.479039
2018-12-27,0.658734,0.43393
2018-12-28,0.836691,0.700052
2018-12-29,0.778466,0.606009
2018-12-30,0.565249,0.319507
2018-12-31,0.598904,0.358686
2019-01-01,0.460454,0.212017
2019-01-02,0.358914,0.128819
2019-01-03,0.334755,0.112061
2019-01-04,0.344823,0.118903
2019-01-05,0.366616,0.134407
2019-01-06,0.810681,0.657204
2019-01-07,0.335933,0.112851
2019-01-08,0.370476,0.137253
2019-01-09,0.295131,0.0871025
2019-01-10,1.1445,1.30989
2019-01-11,0.399758,0.159807
2019-01-12,0.216843,0.0470208
2019-01-13,0.442401,0.195719
2019-01-14,0.471097,0.221933
2019-01-15,0.428571,0.183673
2019-01-16,0.325441,0.105912
2019-01-17,0.343248,0.117819
2019-01-18,0.202068,0.0408315
2019-01-19,0.612478,0.375129
2019-01-20,0.542462,0.294265
2019-01-21,0.251782,0.063394
2019-01-22,0.601504,0.361807
2019-01-23,0.307707,0.0946833
2019-01-24,0.212082,0.0449788
2019-01-25,0.234571,0.0550235
2019-01-26,0.285403,0.0814549
2019-01-27,0.214762,0.0461229
2019-01-28,0.362532,0.13143
2019-01-29,0.283981,0.0806451
2019-01-30,0.256854,0.065974
2019-01-31,0.205935,0.0424093
2019-02-01,0.195885,0.0383708
2019-02-02,0.178481,0.0318554
2019-02-03,0.190098,0.0361373
2019-02-04,0.148441,0.0220348
2019-02-05,0.122491,0.0150039
2019-02-06,0.233834,0.0546786
2019-02-07,0.100497,0.0100997
2019-02-08,0.887373,0.787431
2019-02-09,0.213708,0.0456709
2019-02-10,0.193891,0.0375939
2019-02-11,0.231711,0.0536898
2019-02-12,0.232072,0.0538572
2019-02-13,0.165289,0.0273203
2019-02-14,0.196466,0.038599
2019-02-15,0.254429,0.064734
2019-02-16,0.201602,0.0406432
2019-02-17,0.254158,0.0645964
2019-02-18,0.573105,0.328449
2019-02-19,0.550516,0.303068
2019-02-20,0.302047,0.0912321
2019-02-21,0.255297,0.0651764
2019-02-22,0.258028,0.0665782
2019-02-23,0.459572,0.211206
2019-02-24,1.02508,1.05078
2019-02-25,0.330998,0.10956
2019-02-26,0.245329,0.0601863
2019-02-27,0.503284,0.253295
2019-02-28,0.372387,0.138672
2019-03-01,0.222551,0.0495288
2019-03-02,0.172723,0.0298331
2019-03-03,0.155235,0.0240981
2019-03-04,0.320792,0.102907
2019-03-05,0.3552,0.126167
2019-03-06,0.26763,0.0716257
2019-03-07,0.266711,0.0711349
2019-03-08,0.402523,0.162025
2019-03-09,0.299802,0.0898812
2019-03-10,0.201695,0.0406809
2019-03-11,0.213802,0.0457115
2019-03-12,0.205213,0.0421123
2019-03-13,0.153311,0.0235042
2019-03-14,0.310529,0.0964286
2019-03-15,0.161007,0.0259231
2019-03-16,0.311358,0.0969439
2019-03-17,0.16858,0.0284192
2019-03-18,0.182827,0.0334256
2019-03-19,0.158558,0.0251407
2019-03-20,0.209849,0.0440366
2019-03-21,0.281117,0.0790269
2019-03-22,0.102808,0.0105695
2019-03-23,0.117948,0.0139117
2019-03-24,0.105641,0.0111601
2019-03-25,0.242844,0.0589731
2019-03-26,0.117728,0.0138599
2019-03-27,0.2282,0.0520751
2019-03-28,0.129816,0.0168522
2019-03-29,0.277114,0.0767924
2019-03-30,0.203876,0.0415654
2019-03-31,0.0974466,0.00949583
2019-04-01,0.2087,0.0435555
2019-04-02,1.90126,3.61479
2019-04-03,1.30594,1.70548
2019-04-04,0.729208,0.531744
2019-04-05,0.507835,0.257897
2019-04-06,0.683746,0.467508
2019-04-07,0.536746,0.288096
2019-04-08,0.582083,0.33882
2019-04-09,0.412744,0.170358
2019-04-10,0.7637,0.583238
2019-04-11,0.660062,0.435681
2019-04-12,0.399843,0.159874
2019-04-13,0.254633,0.064838
2019-04-14,0.286925,0.0823258
2019-04-15,0.403989,0.163207
2019-04-16,0.390179,0.152239
2019-04-17,0.297278,0.088374
2019-04-18,0.292438,0.0855201
2019-04-19,0.325095,0.105687
2019-04-20,0.274491,0.0753455
2019-04-21,0.270711,0.0732846
2019-04-22,0.30484,0.0929274
2019-04-23,0.581253,0.337855
2019-04-24,0.453929,0.206051
2019-04-25,1.03715,1.07569
2019-04-26,0.554124,0.307053
2019-04-27,0.276497,0.0764506
2019-04-28,0.249766,0.0623832
2019-04-29,0.269046,0.0723859
2019-04-30,0.286512,0.082089
2019-05-01,0.278001,0.0772847
2019-05-02,0.292888,0.0857835
2019-05-03,0.561937,0.315773
2019-05-04,0.618555,0.382611
2019-05-05,0.431737,0.186397
2019-05-06,0.443055,0.196298
2019-05-07,0.659538,0.434991
2019-05-08,0.554535,0.307509
2019-05-09,0.42848,0.183595
2019-05-10,0.493703,0.243742
2019-05-11,1.11025,1.23265
2019-05-12,1.45429,2.11497
2019-05-13,1.30149,1.69388
2019-05-14,1.30784,1.71043
2019-05-15,0.934661,0.873591
2019-05-16,0.966189,0.933521
2019-05-17,1.86282,3.4701
2019-05-18,0.675534,0.456346
2019-05-19,0.935975,0.876049
2019-05-20,1.08228,1.17134
2019-05-21,0.666767,0.444578
2019-05-22,0.664844,0.442017
2019-05-23,0.623915,0.38927
2019-05-24,0.513509,0.263692
2019-05-25,0.393549,0.154881
2019-05-26,0.783755,0.614272
2019-05-27,0.663725,0.440531
2019-05-28,0.464813,0.216051
2019-05-29,0.442897,0.196158
2019-05-30,0.924717,0.855101
2019-05-31,0.587335,0.344962
2019-06-01,0.365712,0.133745
2019-06-02,0.441282,0.19473
2019-06-03,0.739696,0.54715
2019-06-04,1.10001,1.21003
2019-06-05,0.734681,0.539756
2019-06-06,0.594279,0.353167
2019-06-07,0.530413,0.281338
2019-06-08,0.43646,0.190497
2019-06-09,0.504391,0.254411
2019-06-10,0.682875,0.466318
2019-06-11,0.491848,0.241915
2019-06-12,0.542122,0.293896
2019-06-13,0.379804,0.144251
2019-06-14,0.506699,0.256744
2019-06-15,0.399944,0.159955
2019-06-16,0.791278,0.626121
2019-06-17,0.637519,0.40643
2019-06-18,0.540199,0.291815
2019-06-19,0.424067,0.179833
2019-06-20,0.428617,0.183712
2019-06-21,0.61683,0.38048
2019-06-22,1.31847,1.73837
2019-06-23,0.808751,0.654079
2019-06-24,0.648611,0.420697
2019-06-25,0.637761,0.406739
2019-06-26,2.53097,6.40582
2019-06-27,2.30154,5.29708
2019-06-28,1.43169,2.04973
2019-06-29,1.18902,1.41376
2019-06-30,1.2187,1.48523
2019-07-01,1.2693,1.61112
2019-07-02,1.57297,2.47423
2019-07-03,1.22523,1.50118
2019-07-04,1.03843,1.07834
2019-07-05,0.977011,0.954551
2019-07-06,0.911289,0.830447
2019-07-07,0.698771,0.488281
2019-07-08,0.803259,0.645225
2019-07-09,0.993385,0.986814
2019-07-10,1.20404,1.44971
2019-07-11,1.11925,1.25273
2019-07-12,0.815149,0.664467
2019-07-13,0.83598,0.698862
2019-07-14,1.17408,1.37848
2019-07-15,1.10706,1.22557
2019-07-16,1.39352,1.9419
2019-07-17,1.10416,1.21917
2019-07-18,1.30719,1.70876
2019-07-19,1.09516,1.19938
2019-07-20,0.674175,0.454513
2019-07-21,0.619053,0.383227
2019-07-22,0.801504,0.642409
2019-07-23,0.628457,0.394959
2019-07-24,0.696779,0.485502
2019-07-25,0.663391,0.440087
2019-07-26,0.483647,0.233915
2019-07-27,1.03593,1.07314
2019-07-28,0.84651,0.716579
2019-07-29,0.428898,0.183953
2019-07-30,0.43895,0.192677
2019-07-31,0.39676,0.157418
2019-08-01,0.424207,0.179952
2019-08-02,0.456029,0.207963
2019-08-03,0.404547,0.163658
2019-08-04,0.470663,0.221523
2019-08-05,0.624556,0.390071
2019-08-06,0.824591,0.67995
2019-08-07,0.923152,0.852209
2019-08-08,0.59149,0.34986
2019-08-09,0.520255,0.270666
2019-08-10,0.816599,0.666833
2019-08-11,0.397091,0.157682
2019-08-12,0.309971,0.096082
2019-08-13,0.434093,0.188437
2019-08-14,0.733811,0.538479
2019-08-15,0.893166,0.797745
2019-08-16,0.915032,0.837283
2019-08-17,0.625674,0.391468
2019-08-18,0.465046,0.216268
2019-08-19,0.470603,0.221467
2019-08-20,0.428439,0.18356
2019-08-21,0.693244,0.480587
2019-08-22,0.60596,0.367187
2019-08-23,0.439817,0.193439
2019-08-24,0.550513,0.303064
2019-08-25,0.621692,0.386501
2019-08-26,0.872741,0.761677
2019-08-27,0.404357,0.163504
2019-08-28,0.833876,0.695348
2019-08-29,0.521452,0.271912
2019-08-30,0.371724,0.138179
2019-08-31,0.277294,0.0768921
2019-09-01,0.310878,0.0966454
2019-09-02,0.432324,0.186904
2019-09-03,0.455394,0.207384
2019-09-04,0.502558,0.252565
2019-09-05,0.407628,0.166161
2019-09-06,0.612061,0.374619
2019-09-07,0.296856,0.0881232
2019-09-08,0.407443,0.16601
2019-09-09,0.464372,0.215641
2019-09-10,0.429171,0.184188
2019-09-11,0.427366,0.182642
2019-09-12,0.353724,0.125121
2019-09-13,0.328046,0.107614
2019-09-14,0.277689,0.0771113
2019-09-15,0.183522,0.0336804
2019-09-16,0.372093,0.138453
2019-09-17,0.265665,0.0705779
2019-09-18,0.213933,0.0457672
2019-09-19,0.846257,0.716151
2019-09-20,0.284082,0.0807028
2019-09-21,0.286135,0.0818732
2019-09-22,0.319099,0.101824
2019-09-23,0.460409,0.211976
2019-09-24,1.80362,3.25304
2019-09-25,0.786662,0.618837
2019-09-26,0.963416,0.928171
2019-09-27,0.611245,0.37362
2019-09-28,0.641074,0.410976
2019-09-29,0.472504,0.22326
2019-09-30,0.674418,0.45484
2019-10-01,0.579351,0.335648
2019-10-02,0.383325,0.146938
2019-10-03,0.391468,0.153247
2019-10-04,0.375194,0.14077
2019-10-05,0.29962,0.0897721
2019-10-06,0.540384,0.292015
2019-10-07,0.466297,0.217433
2019-10-08,0.332334,0.110446
2019-10-09,0.476023,0.226598
2019-10-10,0.327029,0.106948
2019-10-11,0.550653,0.303219
2019-10-12,0.239386,0.0573058
2019-10-13,0.354825,0.125901
2019-10-14,0.322488,0.103999
2019-10-15,0.382911,0.146621
2019-10-16,0.297233,0.0883475
2019-10-17,0.259733,0.0674614
2019-10-18,0.388592,0.151004
2019-10-19,0.358788,0.128729
2019-10-20,0.33357,0.111269
2019-10-21,0.253943,0.0644871
2019-10-22,0.277271,0.0768792
2019-10-23,1.0926,1.19377
2019-10-24,0.285124,0.0812957
2019-10-25,1.42935,2.04304
2019-10-26,2.46144,6.05869
2019-10-27,0.922241,0.850528
2019-10-28,0.8484,0.719783
2019-10-29,0.705482,0.497705
2019-10-30,0.520456,0.270874
2019-10-31,0.58729,0.344909
2019-11-01,0.459965,0.211568
2019-11-02,0.26549,0.0704849
2019-11-03,0.312397,0.0975921
2019-11-04,0.613613,0.37652
2019-11-05,0.43362,0.188027
2019-11-06,0.277826,0.0771874
2019-11-07,0.316914,0.100434
2019-11-08,0.461012,0.212532
2019-11-09,0.293536,0.0861636
2019-11-10,0.544783,0.296789
2019-11-11,0.383243,0.146875
2019-11-12,0.380151,0.144514
2019-11-13,0.243706,0.0593926
2019-11-14,0.268146,0.0719021
2019-11-15,0.452167,0.204455
2019-11-16,0.222615,0.0495575
2019-11-17,0.264557,0.0699903
2019-11-18,0.384276,0.147668
2019-11-19,0.327631,0.107342
2019-11-20,0.282915,0.0800407
2019-11-21,0.912135,0.83199
2019-11-22,1.07337,1.15212
2019-11-23,0.512504,0.26266
2019-11-24,0.697266,0.486181
2019-11-25,1.0719,1.14898
2019-11-26,0.737477,0.543872
2019-11-27,0.840014,0.705624
2019-11-28,0.542227,0.29401
2019-11-29,0.606771,0.368171
2019-11-30,0.445152,0.198161
2019-12-01,0.528397,0.279203
2019-12-02,0.507734,0.257794
2019-12-03,0.333097,0.110954
2019-12-04,1.45389,2.11381
2019-12-05,0.499233,0.249234
2019-12-06,0.665644,0.443082
2019-12-07,0.272946,0.0744994
2019-12-08,0.284861,0.0811459
2019-12-09,0.38082,0.145024
2019-12-10,0.319086,0.101816
2019-12-11,0.263197,0.0692728
2019-12-12,0.324352,0.105204
2019-12-13,0.17752,0.0315133
2019-12-14,0.282001,0.0795245
2019-12-15,0.30562,0.0934035
2019-12-16,0.463434,0.214771
2019-12-17,0.524277,0.274866
2019-12-18,0.948313,0.899297
2019-12-19,0.540375,0.292005
2019-12-20,0.308879,0.0954065
2019-12-21,0.176354,0.0311006
2019-12-22,0.407742,0.166254
2019-12-23,0.604003,0.36482
2019-12-24,0.468717,0.219695
2019-12-25,0.329099,0.108306
2019-12-26,0.352159,0.124016
2019-12-27,0.345522,0.119385
2019-12-28,0.308983,0.0954706
2019-12-29,0.297256,0.088361
2019-12-30,0.278916,0.0777941
2019-12-31,0.282687,0.0799119
2020-01-01,0.20972,0.0439824
2020-01-02,0.344209,0.11848
2020-01-03,0.756993,0.573039
2020-01-04,0.32985,0.108801
2020-01-05,0.297989,0.0887972
2020-01-06,0.379545,0.144055
2020-01-07,0.588592,0.34644
2020-01-08,0.77923,0.607199
2020-01-09,0.53947,0.291028
2020-01-10,0.635402,0.403736
2020-01-11,0.582499,0.339305
2020-01-12,0.379705,0.144176
2020-01-13,0.267366,0.0714844
2020-01-14,0.759074,0.576193
2020-01-15,0.63675,0.405451
2020-01-16,0.504532,0.254553
2020-01-17,0.508674,0.258749
2020-01-18,0.348035,0.121128
2020-01-19,0.917776,0.842312
2020-01-20,0.370296,0.137119
2020-01-21,0.411133,0.169031
2020-01-22,0.250529,0.062765
2020-01-23,0.426781,0.182142
2020-01-24,0.368494,0.135788
2020-01-25,0.301872,0.091127
2020-01-26,0.343046,0.11768
2020-01-27,0.410809,0.168764
2020-01-28,0.624553,0.390066
2020-01-29,0.45399,0.206107
2020-01-30,0.466047,0.2172
2020-01-31,0.384657,0.147961
2020-02-01,0.273683,0.0749024
2020-02-02,0.335742,0.112722
2020-02-03,0.49107,0.24115
2020-02-04,0.366906,0.13462
2020-02-05,0.420052,0.176444
2020-02-06,0.461962,0.213409
2020-02-07,0.329074,0.10829
2020-02-08,0.323256,0.104494
2020-02-09,0.317397,0.100741
2020-02-10,0.537494,0.2889
2020-02-11,0.565795,0.320124
2020-02-12,0.444302,0.197404
2020-02-13,0.687509,0.472669
2020-02-14,0.370937,0.137594
2020-02-15,0.627203,0.393383
2020-02-16,0.429576,0.184536
2020-02-17,0.509691,0.259785
2020-02-18,0.518239,0.268572
2020-02-19,1.05235,1.10744
2020-02-20,0.499242,0.249242
2020-02-21,0.366324,0.134194
2020-02-22,0.20158,0.0406343
2020-02-23,0.373971,0.139854
2020-02-24,0.492453,0.24251
2020-02-25,0.448205,0.200888
2020-02-26,0.676458,0.457595
2020-02-27,0.640006,0.409608
2020-02-28,0.684739,0.468867
2020-02-29,0.420503,0.176823
2020-03-01,0.553813,0.306709
2020-03-02,0.396502,0.157214
2020-03-03,0.548722,0.301096
2020-03-04,0.340102,0.115669
2020-03-05,0.392937,0.154399
2020-03-06,0.290065,0.0841379
2020-03-07,0.390334,0.152361
2020-03-08,0.686353,0.47108
2020-03-09,0.877731,0.770412
2020-03-10,0.67119,0.450496
2020-03-11,0.644455,0.415323
2020-03-12,4.7653,22.7081
2020-03-13,6.27835,39.4176
2020-03-14,1.58831,2.52272
2020-03-15,1.68191,2.82881
2020-03-16,2.49384,6.21922
2020-03-17,1.41084,1.99046
2020-03-18,1.43602,2.06215
2020-03-19,1.34946,1.82104
2020-03-20,1.838,3.37823
2020-03-21,1.32283,1.74989
2020-03-22,1.14615,1.31365
2020-03-23,1.35223,1.82853
2020-03-24,1.18172,1.39647
2020-03-25,1.09547,1.20005
2020-03-26,0.703708,0.495205
2020-03-27,0.915924,0.838917
2020-03-28,0.86889,0.75497
2020-03-29,0.673802,0.454009
2020-03-30,0.809012,0.654501
2020-03-31,0.550757,0.303333
2020-04-01,0.748336,0.560007
2020-04-02,1.24095,1.53997
2020-04-03,0.751331,0.564499
2020-04-04,0.688197,0.473615
2020-04-05,0.474665,0.225307
2020-04-06,0.589116,0.347058
2020-04-07,0.622247,0.387192
2020-04-08,0.550872,0.303459
2020-04-09,0.490058,0.240157
2020-04-10,0.7197,0.517968
2020-04-11,0.383504,0.147076
2020-04-12,0.507363,0.257417
2020-04-13,0.795931,0.633506
2020-04-14,0.486285,0.236473
2020-04-15,0.439612,0.193259
2020-04-16,0.86447,0.747309
2020-04-17,0.452104,0.204398
2020-04-18,0.349104,0.121873
2020-04-19,0.335206,0.112363
2020-04-20,0.619247,0.383466
2020-04-21,0.445218,0.198219
2020-04-22,0.324183,0.105095
2020-04-23,0.677017,0.458352
2020-04-24,0.387673,0.15029
2020-04-25,0.350429,0.1228
2020-04-26,0.408127,0.166567
2020-04-27,0.40197,0.16158
2020-04-28,0.289529,0.0838271
2020-04-29,0.942856,0.888977
2020-04-30,1.13728,1.29341
2020-05-01,0.587128,0.34472
2020-05-02,0.411762,0.169548
2020-05-03,0.657906,0.432841
2020-05-04,0.569107,0.323883
2020-05-05,0.592838,0.351457
2020-05-06,0.566673,0.321118
2020-05-07,0.717743,0.515155
2020-05-08,0.57458,0.330142
2020-05-09,0.512114,0.262261
2020-05-10,1.98316,3.9329
2020-05-11,1.33707,1.78775
2020-05-12,0.672461,0.452204
2020-05-13,0.535687,0.286961
2020-05-14,0.795426,0.632703
2020-05-15,0.845933,0.715603
2020-05-16,0.515946,0.2662
2020-05-17,0.480822,0.23119
2020-05-18,0.591567,0.349952
2020-05-19,0.57386,0.329315
2020-05-20,0.547762,0.300043
2020-05-21,0.634749,0.402906
2020-05-22,0.495707,0.245725
2020-05-23,0.355468,0.126358
2020-05-24,0.570661,0.325654
2020-05-25,0.485814,0.236015
2020-05-26,0.427586,0.18283
2020-05-27,0.439464,0.193128
2020-05-28,0.407086,0.165719
2020-05-29,0.438362,0.192162
2020-05-30,0.480498,0.230878
2020-05-31,0.380491,0.144774
2020-06-01,0.673919,0.454167
2020-06-02,1.20489,1.45176
2020-06-03,0.311835,0.0972412
2020-06-04,0.418954,0.175523
2020-06-05,0.399324,0.15946
2020-06-06,0.27333,0.0747094
2020-06-07,0.382622,0.1464
2020-06-08,0.268928,0.0723221
2020-06-09,0.470521,0.22139
2020-06-10,0.428779,0.183851
2020-06-11,0.760255,0.577987
2020-06-12,0.352188,0.124036
2020-06-13,0.249662,0.0623309
2020-06-14,0.292485,0.0855473
2020-06-15,0.49919,0.249191
2020-06-16,0.38674,0.149568
2020-06-17,0.274328,0.075256
2020-06-18,0.263289,0.0693212
2020-06-19,0.308168,0.0949675
2020-06-20,0.191841,0.0368031
2020-06-21,0.160357,0.0257144
2020-06-22,0.281822,0.0794238
2020-06-23,0.216699,0.0469586
2020-06-24,0.399341,0.159473
2020-06-25,0.44395,0.197092
2020-06-26,0.408814,0.167128
2020-06-27,0.403633,0.16292
2020-06-28,0.277242,0.0768629
2020-06-29,0.262746,0.0690355
2020-06-30,0.203636,0.0414676
2020-07-01,0.23241,0.0540143
2020-07-02,0.359607,0.129317
2020-07-03,0.163568,0.0267544
2020-07-04,0.203421,0.0413802
2020-07-05,0.24366,0.0593703
2020-07-06,0.243426,0.0592562
2020-07-07,0.193548,0.0374608
2020-07-08,0.240566,0.057872
2020-07-09,0.228707,0.0523069
2020-07-10,0.207489,0.0430517
2020-07-11,0.159029,0.0252903
2020-07-12,0.258653,0.0669015
2020-07-13,0.183728,0.033756
2020-07-14,0.212586,0.0451927
2020-07-15,0.143823,0.0206852
2020-07-16,0.20573,0.0423247
2020-07-17,0.125368,0.0157173
2020-07-18,0.118904,0.0141383
2020-07-19,0.134681,0.0181389
2020-07-20,0.122468,0.0149983
2020-07-21,0.23358,0.0545597
2020-07-22,0.235075,0.0552604
2020-07-23,0.20099,0.040397
2020-07-24,0.208894,0.0436367
2020-07-25,0.257432,0.066271
2020-07-26,0.535604,0.286871
2020-07-27,0.979843,0.960092
2020-07-28,0.824582,0.679935
2020-07-29,0.58076,0.337282
2020-07-30,0.425174,0.180773
2020-07-31,0.442967,0.19622
2020-08-01,0.578699,0.334892
2020-08-02,1.27944,1.63696
2020-08-03,0.441475,0.1949
2020-08-04,0.397168,0.157742
2020-08-05,0.434132,0.188471
2020-08-06,0.395803,0.15666
2020-08-07,0.419723,0.176168
2020-08-08,0.34577,0.119557
2020-08-09,0.301613,0.0909701
2020-08-10,0.802281,0.643654
2020-08-11,0.628011,0.394398
2020-08-12,0.424144,0.179898
2020-08-13,0.444223,0.197334
2020-08-14,0.341532,0.116644
2020-08-15,0.381153,0.145278
2020-08-16,0.278963,0.0778203
2020-08-17,0.669794,0.448624
2020-08-18,0.527932,0.278712
2020-08-19,0.452799,0.205027
2020-08-20,0.272885,0.0744663
2020-08-21,0.330676,0.109347
2020-08-22,0.272081,0.0740283
2020-08-23,0.206978,0.0428399
2020-08-24,0.207185,0.0429256
2020-08-25,0.422747,0.178715
2020-08-26,0.355536,0.126406
2020-08-27,0.422498,0.178505
2020-08-28,0.26451,0.0699657
2020-08-29,0.211163,0.0445896
2020-08-30,0.263457,0.0694097
2020-08-31,0.266998,0.071288
2020-09-01,0.358793,0.128733
2020-09-02,0.488099,0.238241
2020-09-03,0.961395,0.924281
2020-09-04,0.846727,0.716946
2020-09-05,1.00339,1.0068
2020-09-06,0.515126,0.265355
2020-09-07,0.555663,0.308761
2020-09-08,0.757985,0.574542
2020-09-09,0.406327,0.165102
2020-09-10,0.412328,0.170014
2020-09-11,0.29027,0.0842568
2020-09-12,0.203642,0.0414702
2020-09-13,0.301809,0.0910885
2020-09-14,0.35783,0.128043
2020-09-15,0.404267,0.163432
2020-09-16,0.394568,0.155684
2020-09-17,0.30745,0.0945252
2020-09-18,0.260009,0.0676046
2020-09-19,0.258591,0.0668694
2020-09-20,0.296074,0.0876597
2020-09-21,0.437123,0.191076
2020-09-22,0.328579,0.107964
2020-09-23,0.326,0.106276
2020-09-24,0.362911,0.131704
2020-09-25,0.306998,0.0942478
2020-09-26,0.220587,0.0486587
2020-09-27,0.228101,0.0520299
2020-09-28,0.344562,0.118723
2020-09-29,0.24985,0.0624248
2020-09-30,0.258242,0.066689
2020-10-01,0.418952,0.175521
2020-10-02,0.35578,0.12658
2020-10-03,0.167165,0.0279442
2020-10-04,0.166978,0.0278817
2020-10-05,0.186705,0.0348588
2020-10-06,0.26373,0.0695534
2020-10-07,0.156945,0.0246319
2020-10-08,0.270434,0.0731344
2020-10-09,0.251717,0.0633613
2020-10-10,0.463418,0.214756
2020-10-11,0.234776,0.0551198
2020-10-12,0.383146,0.146801
2020-10-13,0.312652,0.0977515
2020-10-14,0.311378,0.0969563
2020-10-15,0.304924,0.0929789
2020-10-16,0.310074,0.0961457
2020-10-17,0.193935,0.0376109
2020-10-18,0.148783,0.0221364
2020-10-19,0.271479,0.0737008
2020-10-20,0.349822,0.122375
2020-10-21,0.696236,0.484745
2020-10-22,0.482192,0.232509
2020-10-23,0.335253,0.112395
2020-10-24,0.306883,0.0941771
2020-10-25,0.405616,0.164524
2020-10-26,0.399274,0.159419
2020-10-27,0.428433,0.183555
2020-10-28,0.579199,0.335472
2020-10-29,0.490584,0.240673
2020-10-30,0.501231,0.251232
2020-10-31,0.576738,0.332626
2020-11-01,0.367687,0.135194
2020-11-02,0.417243,0.174092
2020-11-03,0.487892,0.238039
2020-11-04,0.582538,0.33935
2020-11-05,0.749135,0.561203
2020-11-06,0.771732,0.59557
2020-11-07,0.677127,0.458501
2020-11-08,0.473994,0.22467
2020-11-09,0.728527,0.530751
2020-11-10,0.438341,0.192143
2020-11-11,0.467194,0.21827
2020-11-12,0.628337,0.394808
2020-11-13,0.439158,0.192859
2020-11-14,0.372469,0.138733
2020-11-15,0.3607,0.130105
2020-11-16,0.424744,0.180407
2020-11-17,0.575898,0.331658
2020-11-18,1.0377,1.07682
2020-11-19,0.597279,0.356742
2020-11-20,0.583067,0.339967
2020-11-21,0.51045,0.260559
2020-11-22,0.587414,0.345056
2020-11-23,0.653968,0.427674
2020-11-24,0.680383,0.462921
2020-11-25,0.636678,0.405358
2020-11-26,1.38064,1.90617
2020-11-27,0.833298,0.694385
2020-11-28,0.463899,0.215202
2020-11-29,0.474305,0.224965
2020-11-30,0.866251,0.750391
2020-12-01,1.13247,1.28249
2020-12-02,0.769547,0.592202
2020-12-03,0.60234,0.362813
2020-12-04,0.526849,0.27757
2020-12-05,0.376155,0.141493
2020-12-06,0.360497,0.129958
2020-12-07,0.34926,0.121983
2020-12-08,0.530616,0.281554
2020-12-09,0.605748,0.36693
2020-12-10,0.466628,0.217742
2020-12-11,0.564763,0.318957
2020-12-12,0.370632,0.137368
2020-12-13,0.40891,0.167208
2020-12-14,0.372525,0.138775
2020-12-15,0.381658,0.145663
2020-12-16,0.734824,0.539967
2020-12-17,1.2712,1.61595
2020-12-18,0.656412,0.430877
2020-12-19,0.615659,0.379036
2020-12-20,0.630067,0.396984
2020-12-21,0.951076,0.904546
2020-12-22,0.654064,0.4278
2020-12-23,0.789826,0.623825
2020-12-24,0.604104,0.364942
2020-12-25,0.695715,0.484019
2020-12-26,0.63084,0.397959
2020-12-27,1.08704,1.18166
2020-12-28,0.715232,0.511557
2020-12-29,0.654829,0.428802
2020-12-30,0.775874,0.60198
2020-12-31,0.760351,0.578133
2021-01-01,0.514184,0.264385
2021-01-02,1.17071,1.37057
2021-01-03,1.09351,1.19576
2021-01-04,1.59871,2.55587
2021-01-05,1.27747,1.63192
2021-01-06,1.27865,1.63496
2021-01-07,1.32006,1.74256
2021-01-08,1.59231,2.53545
2021-01-09,1.0404,1.08243
2021-01-10,1.39365,1.94226
2021-01-11,2.87834,8.28485
2021-01-12,1.67164,2.79439
2021-01-13,1.39589,1.9485
2021-01-14,0.955102,0.91222
2021-01-15,1.36722,1.8693
2021-01-16,1.06937,1.14355
2021-01-17,1.01326,1.0267
2021-01-18,0.891651,0.795041
2021-01-19,0.781391,0.610572
2021-01-20,0.942541,0.888384
2021-01-21,1.48648,2.20962
2021-01-22,1.37065,1.87868
2021-01-23,0.90604,0.820909
2021-01-24,0.69571,0.484012
2021-01-25,0.866692,0.751154
2021-01-26,0.98926,0.978636
2021-01-27,1.16933,1.36734
2021-01-28,0.899154,0.808478
2021-01-29,2.0799,4.326
2021-01-30,0.977265,0.955047
2021-01-31,0.710962,0.505467
2021-02-01,0.77977,0.608041
2021-02-02,0.712829,0.508126
2021-02-03,0.688088,0.473465
2021-02-04,0.826546,0.683179
2021-02-05,0.619669,0.383989
2021-02-06,0.725789,0.52677
2021-02-07,0.810031,0.65615
2021-02-08,1.4521,2.1086
2021-02-09,1.2106,1.46556
2021-02-10,0.914984,0.837196
2021-02-11,0.966458,0.934041
2021-02-12,0.790518,0.624919
2021-02-13,0.602283,0.362745
2021-02-14,0.592876,0.351502
2021-02-15,0.782051,0.611603
2021-02-16,0.920306,0.846964
2021-02-17,0.718924,0.516852
2021-02-18,0.515223,0.265454
2021-02-19,0.699905,0.489867
2021-02-20,0.766764,0.587926
2021-02-21,0.563492,0.317523
2021-02-22,1.32658,1.7598
2021-02-23,2.37127,5.62291
2021-02-24,1.24942,1.56105
2021-02-25,1.04092,1.08351
2021-02-26,1.38757,1.92535
2021-02-27,0.93819,0.880201
2021-02-28,1.16169,1.34951
2021-03-01,0.807015,0.651273
2021-03-02,0.880908,0.776
2021-03-03,0.786722,0.618931
2021-03-04,1.06427,1.13266
2021-03-05,0.915859,0.838798
2021-03-06,0.608394,0.370143
2021-03-07,0.659096,0.434408
2021-03-08,0.680497,0.463076
2021-03-09,0.602897,0.363484
2021-03-10,0.830065,0.689008
2021-03-11,0.803308,0.645303
2021-03-12,0.803949,0.646334
2021-03-13,0.774288,0.599522
2021-03-14,0.552819,0.305609
2021-03-15,1.06289,1.12973
2021-03-16,0.915319,0.837809
2021-03-17,0.754873,0.569834
2021-03-18,0.654775,0.42873
2021-03-19,0.673579,0.453709
2021-03-20,0.486585,0.236764
2021-03-21,0.583802,0.340825
2021-03-22,0.733508,0.538033
2021-03-23,0.641408,0.411405
2021-03-24,0.893168,0.797749
2021-03-25,0.947038,0.896882
2021-03-26,0.624017,0.389397
2021-03-27,0.532483,0.283538
2021-03-28,0.48761,0.237763
2021-03-29,0.59635,0.355634
2021-03-30,0.477761,0.228255
2021-03-31,0.675725,0.456605
2021-04-01,0.457447,0.209258
2021-04-02,0.421252,0.177453
2021-04-03,0.476412,0.226968
2021-04-04,0.387684,0.150299
2021-04-05,0.413189,0.170725
2021-04-06,0.40652,0.165259
2021-04-07,0.632366,0.399887
2021-04-08,0.407893,0.166377
2021-04-09,0.341138,0.116375
2021-04-10,0.513016,0.263185
2021-04-11,0.445561,0.198525
2021-04-12,0.45238,0.204648
2021-04-13,0.58567,0.343009
2021-04-14,0.750411,0.563117
2021-04-15,0.437981,0.191828
2021-04-16,0.626793,0.39287
2021-04-17,0.493351,0.243395
2021-04-18,2.03739,4.15095
2021-04-19,0.734811,0.539947
2021-04-20,0.832268,0.692669
2021-04-21,0.653059,0.426486
2021-04-22,1.0469,1.09599
2021-04-23,1.21117,1.46694
2021-04-24,0.721981,0.521256
2021-04-25,0.73099,0.534347
2021-04-26,0.85201,0.72592
2021-04-27,0.503055,0.253064
2021-04-28,0.609752,0.371798
2021-04-29,0.558394,0.311803
2021-04-30,0.519431,0.269809
2021-05-01,0.440667,0.194188
2021-05-02,0.450629,0.203067
2021-05-03,0.55744,0.310739
2021-05-04,0.765208,0.585544
2021-05-05,0.683215,0.466783
2021-05-06,0.692674,0.479797
2021-05-07,0.617597,0.381426
2021-05-08,0.607186,0.368675
2021-05-09,0.571002,0.326043
2021-05-10,0.855452,0.731798
2021-05-11,0.64908,0.421305
2021-05-12,1.09061,1.18944
2021-05-13,1.83702,3.37464
2021-05-14,0.719714,0.517988
2021-05-15,0.954746,0.91154
2021-05-16,1.2237,1.49745
2021-05-17,1.47994,2.19022
2021-05-18,1.114,1.24099
2021-05-19,4.5326,20.5444
2021-05-20,1.92395,3.70157
2021-05-21,2.25367,5.07902
2021-05-22,1.44272,2.08145
2021-05-23,2.22048,4.93052
2021-05-24,1.61466,2.60711
2021-05-25,1.1878,1.41086
2021-05-26,0.986485,0.973152
2021-05-27,0.987885,0.975916
2021-05-28,1.30611,1.70592
2021-05-29,1.23645,1.5288
2021-05-30,0.858512,0.737043
2021-05-31,0.88649,0.785864
2021-06-01,0.872453,0.761173
2021-06-02,0.587178,0.344778
2021-06-03,0.595452,0.354563
2021-06-04,0.828666,0.686688
2021-06-05,0.87411,0.764069
2021-06-06,0.574085,0.329574
2021-06-07,0.73029,0.533323
2021-06-08,1.00203,1.00407
2021-06-09,1.15914,1.3436
2021-06-10,0.989191,0.978499
2021-06-11,0.75894,0.57599
2021-06-12,0.78515,0.616461
2021-06-13,0.755935,0.571437
2021-06-14,0.736546,0.5425
2021-06-15,0.671249,0.450575
2021-06-16,0.66922,0.447855
2021-06-17,0.582467,0.339267
2021-06-18,0.734416,0.539367
2021-06-19,0.681208,0.464045
2021-06-20,0.724375,0.52472
2021-06-21,1.50313,2.2594
2021-06-22,1.49547,2.23643
2021-06-23,1.04907,1.10055
2021-06-24,0.78209,0.611666
2021-06-25,1.04655,1.09526
2021-06-26,1.08126,1.16911
2021-06-27,0.877379,0.769794
2021-06-28,0.657026,0.431683
2021-06-29,0.70393,0.495517
2021-06-30,0.680588,0.4632
2021-07-01,0.68293,0.466393
2021-07-02,0.592591,0.351165
2021-07-03,0.44152,0.19494
2021-07-04,0.378545,0.143296
2021-07-05,0.602481,0.362984
2021-07-06,0.669815,0.448652
2021-07-07,0.481659,0.231996
2021-07-08,0.649656,0.422052
2021-07-09,0.48767,0.237822
2021-07-10,0.431865,0.186507
2021-07-11,0.390079,0.152161
2021-07-12,0.440588,0.194118
2021-07-13,0.466966,0.218057
2021-07-14,0.598764,0.358518
2021-07-15,0.571174,0.32624
2021-07-16,0.535273,0.286517
2021-07-17,0.438617,0.192385
2021-07-18,0.397388,0.157917
2021-07-19,0.438361,0.19216
2021-07-20,0.578503,0.334666
2021-07-21,0.726515,0.527825
2021-07-22,0.510655,0.260769
2021-07-23,0.433749,0.188138
2021-07-24,0.400685,0.160549
2021-07-25,0.48416,0.234411
2021-07-26,1.49928,2.24784
2021-07-27,0.852686,0.727073
2021-07-28,0.907797,0.824095
2021-07-29,0.559477,0.313014
2021-07-30,0.711477,0.506199
2021-07-31,0.528757,0.279584
2021-08-01,0.638911,0.408207
2021-08-02,0.573314,0.328688
2021-08-03,0.721077,0.519953
2021-08-04,0.527137,0.277874
2021-08-05,0.793262,0.629265
2021-08-06,0.790045,0.624171
2021-08-07,0.78295,0.613011
2021-08-08,0.681247,0.464098
2021-08-09,0.820109,0.672578
2021-08-10,0.5733,0.328673
2021-08-11,0.481752,0.232085
2021-08-12,0.547819,0.300105
2021-08-13,0.602658,0.363196
2021-08-14,0.554186,0.307122
2021-08-15,0.530275,0.281191
2021-08-16,0.53944,0.290995
2021-08-17,0.612359,0.374984
2021-08-18,0.61095,0.37326
2021-08-19,0.594803,0.35379
2021-08-20,0.510455,0.260564
2021-08-21,0.487022,0.23719
2021-08-22,0.395797,0.156656
2021-08-23,0.413042,0.170604
2021-08-24,0.491844,0.241911
2021-08-25,0.499338,0.249338
2021-08-26,0.602839,0.363415
2021-08-27,0.513935,0.264129
2021-08-28,0.308408,0.0951155
2021-08-29,0.42465,0.180328
2021-08-30,0.452959,0.205172
2021-08-31,0.459074,0.210749
2021-09-01,0.460867,0.212398
2021-09-02,0.4628,0.214184
2021-09-03,0.55617,0.309326
2021-09-04,0.38177,0.145748
2021-09-05,0.398312,0.158653
2021-09-06,0.310465,0.0963887
2021-09-07,2.75344,7.58144
2021-09-08,0.792047,0.627338
2021-09-09,0.582233,0.338995
2021-09-10,0.557315,0.3106
2021-09-11,0.385041,0.148256
2021-09-12,0.490323,0.240417
2021-09-13,0.962968,0.927307
2021-09-14,0.51098,0.2611
2021-09-15,0.348343,0.121343
2021-09-16,0.464742,0.215985
2021-09-17,0.413546,0.17102
2021-09-18,0.358636,0.12862
2021-09-19,0.366181,0.134088
2021-09-20,0.966664,0.93444
2021-09-21,1.29562,1.67863
2021-09-22,0.756551,0.572369
2021-09-23,0.58533,0.342612
2021-09-24,0.853485,0.728437
2021-09-25,0.613044,0.375823
2021-09-26,0.783617,0.614055
2021-09-27,0.621546,0.38632
2021-09-28,0.67208,0.451691
2021-09-29,0.578862,0.335081
2021-09-30,0.604813,0.365799
2021-10-01,0.817022,0.667524
2021-10-02,0.38284,0.146567
2021-10-03,0.438364,0.192163
2021-10-04,0.64669,0.418207
2021-10-05,0.476056,0.226629
2021-10-06,0.808229,0.653235
2021-10-07,0.58347,0.340437
2021-10-08,0.524264,0.274853
2021-10-09,0.391055,0.152924
2021-10-10,0.535355,0.286605
2021-10-11,0.491216,0.241293
2021-10-12,0.536816,0.288172
2021-10-13,0.620054,0.384467
2021-10-14,0.528471,0.279282
2021-10-15,0.680638,0.463268
2021-10-16,0.452652,0.204894
2021-10-17,0.500319,0.250319
2021-10-18,0.580579,0.337071
2021-10-19,0.527888,0.278666
2021-10-20,0.538108,0.28956
2021-10-21,0.968027,0.937077
2021-10-22,0.597614,0.357143
2021-10-23,0.441036,0.194513
2021-10-24,0.422678,0.178656
2021-10-25,0.394763,0.155838
2021-10-26,0.495496,0.245516
2021-10-27,0.703572,0.495014
2021-10-28,1.13412,1.28623
2021-10-29,0.579469,0.335784
2021-10-30,0.405518,0.164445
2021-10-31,0.410744,0.168711
2021-11-01,0.552458,0.305209
2021-11-02,0.521846,0.272323
2021-11-03,0.524879,0.275497
2021-11-04,0.428517,0.183627
2021-11-05,0.407475,0.166036
2021-11-06,0.365993,0.133951
2021-11-07,0.345035,0.119049
2021-11-08,0.513939,0.264133
2021-11-09,0.47919,0.229623
2021-11-10,0.939408,0.882487
2021-11-11,0.460101,0.211693
2021-11-12,0.54274,0.294567
2021-11-13,0.362724,0.131569
2021-11-14,0.373564,0.13955
2021-11-15,0.39064,0.1526
2021-11-16,0.828064,0.68569
2021-11-17,0.706605,0.49929
2021-11-18,0.790387,0.624712
2021-11-19,0.553958,0.306869
2021-11-20,0.476508,0.22706
2021-11-21,0.426879,0.182226
2021-11-22,0.73987,0.547408
2021-11-23,0.703607,0.495063
2021-11-24,0.518429,0.268769
2021-11-25,0.420805,0.177077
2021-11-26,0.69945,0.48923
2021-11-27,0.500462,0.250462
2021-11-28,0.593931,0.352754
2021-11-29,0.469542,0.22047
2021-11-30,0.697197,0.486083
2021-12-01,0.587229,0.344838
2021-12-02,0.583457,0.340422
2021-12-03,0.734626,0.539675
2021-12-04,2.26879,5.14739
2021-12-05,0.721322,0.520306
2021-12-06,0.955462,0.912908
2021-12-07,0.54094,0.292616
2021-12-08,0.63766,0.40661
2021-12-09,0.603096,0.363725
2021-12-10,0.831153,0.690816
2021-12-11,0.636323,0.404907
2021-12-12,0.400709,0.160568
2021-12-13,0.692267,0.479234
2021-12-14,0.686191,0.470859
2021-12-15,0.720597,0.51926
2021-12-16,0.469282,0.220225
2021-12-17,0.668346,0.446687
2021-12-18,0.453072,0.205274
2021-12-19,0.546383,0.298535
2021-12-20,0.530187,0.281099
2021-12-21,0.465495,0.216686
2021-12-22,0.369548,0.136565
2021-12-23,0.440835,0.194336
2021-12-24,0.43346,0.187887
2021-12-25,0.321366,0.103276
2021-12-26,0.397393,0.157921
2021-12-27,0.367082,0.134749
2021-12-28,0.58562,0.342951
2021-12-29,0.55706,0.310316
2021-12-30,0.465486,0.216677
2021-12-31,0.55585,0.308969
2022-01-01,0.462264,0.213688
2022-01-02,0.398057,0.158449
2022-01-03,0.415004,0.172228
2022-01-04,0.494238,0.244271
2022-01-05,0.727291,0.528952
2022-01-06,0.482621,0.232923
2022-01-07,0.785638,0.617227
2022-01-08,0.522338,0.272837
2022-01-09,0.46067,0.212217
2022-01-10,0.786956,0.6193
2022-01-11,0.524754,0.275366
2022-01-12,0.442466,0.195776
2022-01-13,0.493055,0.243103
2022-01-14,0.458435,0.210163
2022-01-15,0.314302,0.0987858
2022-01-16,0.33434,0.111783
2022-01-17,0.416656,0.173602
2022-01-18,0.433957,0.188319
2022-01-19,0.495622,0.245642
2022-01-20,0.512056,0.262201
2022-01-21,1.18226,1.39773
2022-01-22,1.18466,1.40342
2022-01-23,0.696549,0.48518
2022-01-24,1.10939,1.23076
2022-01-25,0.716109,0.512812
2022-01-26,0.97368,0.948053
2022-01-27,0.781647,0.610972
2022-01-28,0.624757,0.390322
2022-01-29,0.499522,0.249522
2022-01-30,0.398455,0.158766
2022-01-31,0.54206,0.293829
2022-02-01,0.551025,0.303629
2022-02-02,0.491403,0.241476
2022-02-03,0.571527,0.326643
2022-02-04,0.705739,0.498067
2022-02-05,0.442414,0.19573
2022-02-06,0.430205,0.185076
2022-02-07,0.525795,0.27646
2022-02-08,0.642102,0.412294
2022-02-09,0.52254,0.273048
2022-02-10,0.794812,0.631726
2022-02-11,0.708678,0.502225
2022-02-12,0.460607,0.212159
2022-02-13,0.368312,0.135653
2022-02-14,0.410424,0.168448
2022-02-15,0.403109,0.162497
2022-02-16,0.364897,0.13315
2022-02-17,0.5662,0.320583
2022-02-18,0.61421,0.377254
2022-02-19,0.33362,0.111303
2022-02-20,0.454982,0.207009
2022-02-21,0.911846,0.831462
2022-02-22,0.721469,0.520517
2022-02-23,0.545847,0.297949
2022-02-24,1.29241,1.67032
2022-02-25,0.724086,0.5243
2022-02-26,0.502696,0.252703
2022-02-27,0.738807,0.545835
2022-02-28,1.05694,1.11711
2022-03-01,0.645575,0.416768
2022-03-02,0.689536,0.47546
2022-03-03,0.550492,0.303042
2022-03-04,0.759384,0.576665
2022-03-05,0.377853,0.142773
2022-03-06,0.564767,0.318962
2022-03-07,0.735918,0.541575
2022-03-08,0.662082,0.438352
2022-03-09,0.634675,0.402812
2022-03-10,0.845613,0.715062
2022-03-11,0.692446,0.479481
2022-03-12,0.306012,0.0936431
2022-03-13,0.471188,0.222018
2022-03-14,0.618554,0.38261
2022-03-15,0.47396,0.224638
2022-03-16,1.1013,1.21286
2022-03-17,0.401315,0.161054
2022-03-18,0.422259,0.178303
2022-03-19,0.287614,0.0827219
2022-03-20,0.33654,0.113259
2022-03-21,0.447645,0.200386
2022-03-22,0.579959,0.336352
2022-03-23,0.400365,0.160292
2022-03-24,0.402307,0.161851
2022-03-25,0.356589,0.127156
2022-03-26,0.245879,0.0604565
2022-03-27,0.602864,0.363445
2022-03-28,0.449316,0.201885
2022-03-29,0.361063,0.130367
2022-03-30,0.358925,0.128827
2022-03-31,0.436179,0.190252
2022-04-01,0.476943,0.227475
2022-04-02,0.44637,0.199246
2022-04-03,0.440338,0.193898
2022-04-04,0.38062,0.144872
2022-04-05,0.383152,0.146805
2022-04-06,0.564766,0.318961
2022-04-07,0.438553,0.192329
2022-04-08,0.486994,0.237163
2022-04-09,0.258294,0.0667156
2022-04-10,0.323784,0.104836
2022-04-11,0.597798,0.357362
2022-04-12,0.485835,0.236035
2022-04-13,0.499693,0.249693
2022-04-14,0.379237,0.143821
2022-04-15,0.369418,0.13647
2022-04-16,0.244015,0.0595434
2022-04-17,0.294292,0.0866077
2022-04-18,0.561637,0.315436
2022-04-19,0.322532,0.104027
2022-04-20,0.379334,0.143894
2022-04-21,0.535158,0.286394
2022-04-22,0.499555,0.249556
2022-04-23,0.245857,0.0604456
2022-04-24,0.34467,0.118797
2022-04-25,0.671563,0.450997
2022-04-26,0.604685,0.365645
2022-04-27,0.506971,0.257019
2022-04-28,0.583933,0.340978
2022-04-29,0.457342,0.209162
2022-04-30,0.338866,0.11483
2022-05-01,0.40816,0.166595
2022-05-02,0.464651,0.215901
2022-05-03,0.345877,0.119631
2022-05-04,0.440737,0.194249
2022-05-05,0.732504,0.536563
2022-05-06,0.554662,0.30765
2022-05-07,0.386089,0.149064
2022-05-08,0.567666,0.322245
2022-05-09,1.19087,1.41818
2022-05-10,1.11267,1.23803
2022-05-11,1.78369,3.18154
2022-05-12,1.88584,3.5564
2022-05-13,0.954773,0.911591
2022-05-14,0.610892,0.373189
2022-05-15,0.638095,0.407165
2022-05-16,0.735511,0.540977
2022-05-17,0.609571,0.371577
2022-05-18,0.608435,0.370194
2022-05-19,0.611997,0.37454
2022-05-20,0.586796,0.34433
2022-05-21,0.369285,0.136371
2022-05-22,0.445324,0.198314
2022-05-23,0.538052,0.2895
2022-05-24,0.475012,0.225637
2022-05-25,0.469848,0.220757
2022-05-26,0.697753,0.486859
2022-05-27,0.617542,0.381358
2022-05-28,0.338185,0.114369
2022-05-29,0.285841,0.081705
2022-05-30,0.635261,0.403556
2022-05-31,0.505691,0.255723
2022-06-01,0.59016,0.348289
2022-06-02,0.521677,0.272147
2022-06-03,0.417598,0.174388
2022-06-04,0.271893,0.0739258
2022-06-05,0.316924,0.100441
2022-06-06,0.467807,0.218844
2022-06-07,1.02775,1.05627
2022-06-08,0.664313,0.441312
2022-06-09,0.414966,0.172197
2022-06-10,0.644465,0.415336
2022-06-11,0.499755,0.249755
2022-06-12,0.757774,0.574221
2022-06-13,1.49772,2.24315
2022-06-14,1.53316,2.35059
2022-06-15,1.73435,3.00797
2022-06-16,0.991902,0.98387
2022-06-17,0.789479,0.623276
2022-06-18,1.4883,2.21504
2022-06-19,1.40317,1.96888
2022-06-20,0.994198,0.988429
2022-06-21,0.804764,0.647644
2022-06-22,0.837825,0.701951
2022-06-23,0.705018,0.497051
2022-06-24,0.630421,0.39743
2022-06-25,0.458974,0.210657
2022-06-26,0.459488,0.211129
2022-06-27,0.503151,0.253161
2022-06-28,0.453971,0.206089
2022-06-29,0.507481,0.257537
2022-06-30,0.85332,0.728155
2022-07-01,1.03553,1.07232
2022-07-02,0.38955,0.151749
2022-07-03,0.593429,0.352157
2022-07-04,0.531183,0.282155
2022-07-05,0.64517,0.416244
2022-07-06,0.647907,0.419783
2022-07-07,0.518767,0.269119
2022-07-08,0.884893,0.783036
2022-07-09,0.487202,0.237365
2022-07-10,0.478051,0.228533
2022-07-11,0.477177,0.227698
2022-07-12,0.500705,0.250705
2022-07-13,0.948768,0.900161
2022-07-14,0.604514,0.365437
2022-07-15,0.565327,0.319594
2022-07-16,0.524306,0.274897
2022-07-17,0.516609,0.266885
2022-07-18,0.848364,0.719721
2022-07-19,0.939504,0.882669
2022-07-20,0.843854,0.712089
2022-07-21,0.682895,0.466346
2022-07-22,0.618099,0.382046
2022-07-23,0.497899,0.247903
2022-07-24,0.547827,0.300114
2022-07-25,0.615164,0.378427
2022-07-26,0.451066,0.20346
2022-07-27,0.635144,0.403408
2022-07-28,0.706994,0.499841
2022-07-29,0.660701,0.436526
2022-07-30,0.571747,0.326894
2022-07-31,0.581397,0.338023
2022-08-01,0.453308,0.205488
2022-08-02,0.633482,0.4013
2022-08-03,0.440591,0.194121
2022-08-04,0.483008,0.233297
2022-08-05,0.479112,0.229548
2022-08-06,0.283733,0.0805045
2022-08-07,0.270542,0.0731929
2022-08-08,0.41901,0.17557
2022-08-09,0.3465,0.120062
2022-08-10,0.59302,0.351673
2022-08-11,0.513194,0.263369
2022-08-12,0.379125,0.143736
2022-08-13,0.382552,0.146346
2022-08-14,0.345027,0.119043
2022-08-15,0.54087,0.292541
2022-08-16,0.41569,0.172798
2022-08-17,0.461681,0.213149
2022-08-18,0.310445,0.096376
2022-08-19,0.819869,0.672185
2022-08-20,0.456756,0.208626
2022-08-21,0.437277,0.191211
2022-08-22,0.449254,0.201829
2022-08-23,0.458069,0.209827
2022-08-24,0.416396,0.173385
2022-08-25,0.338762,0.114759
2022-08-26,0.70597,0.498394
2022-08-27,0.373312,0.139362
2022-08-28,0.327134,0.107016
2022-08-29,0.411394,0.169245
2022-08-30,0.49861,0.248612
2022-08-31,0.529018,0.27986
2022-09-01,0.458487,0.210211
2022-09-02,0.460581,0.212135
2022-09-03,0.25213,0.0635694
2022-09-04,0.280164,0.0784918
2022-09-05,0.296375,0.087838
2022-09-06,0.554479,0.307447
2022-09-07,0.461156,0.212665
2022-09-08,0.419959,0.176366
2022-09-09,0.603673,0.364421
2022-09-10,0.465553,0.21674
2022-09-11,0.437563,0.191461
2022-09-12,0.576797,0.332694
2022-09-13,0.890774,0.793479
2022-09-14,0.541947,0.293707
2022-09-15,0.557226,0.3105
2022-09-16,0.419537,0.176012
2022-09-17,0.327016,0.10694
2022-09-18,0.449868,0.202382
2022-09-19,0.797737,0.636385
2022-09-20,0.593349,0.352063
2022-09-21,1.17001,1.36892
2022-09-22,0.610752,0.373018
2022-09-23,0.564674,0.318857
2022-09-24,0.418565,0.175197
2022-09-25,0.358968,0.128858
2022-09-26,0.497128,0.247136
2022-09-27,0.70074,0.491037
2022-09-28,0.699303,0.489025
2022-09-29,0.640803,0.410629
2022-09-30,0.609708,0.371744
2022-10-01,0.236934,0.0561377
2022-10-02,0.324775,0.105479
2022-10-03,0.378341,0.143142
2022-10-04,0.420825,0.177094
2022-10-05,0.431152,0.185892
2022-10-06,0.448823,0.201442
2022-10-07,0.372519,0.13877
2022-10-08,0.203742,0.0415107
2022-10-09,0.231348,0.0535218
2022-10-10,0.336142,0.112992
2022-10-11,0.328559,0.107951
2022-10-12,0.242592,0.058851
2022-10-13,0.66764,0.445744
2022-10-14,0.467311,0.218379
2022-10-15,0.183102,0.0335262
2022-10-16,0.243036,0.0590667
2022-10-17,0.305135,0.0931072
2022-10-18,0.31382,0.098483
2022-10-19,0.247625,0.0613179
2022-10-20,0.301974,0.091188
2022-10-21,0.341259,0.116458
2022-10-22,0.103749,0.0107638
2022-10-23,0.231681,0.053676
2022-10-24,0.271774,0.0738614
2022-10-25,0.48353,0.233801
2022-10-26,0.566299,0.320694
2022-10-27,0.400924,0.16074
2022-10-28,0.350391,0.122774
2022-10-29,0.331981,0.110211
2022-10-30,0.255808,0.0654379
2022-10-31,0.385904,0.148922
2022-11-01,0.230384,0.0530767
2022-11-02,0.403798,0.163053
2022-11-03,0.257345,0.0662265
2022-11-04,0.474449,0.225102
2022-11-05,0.25506,0.0650555
2022-11-06,0.240618,0.0578968
2022-11-07,0.322894,0.10426
2022-11-08,1.46227,2.13822
2022-11-09,1.57155,2.46976
2022-11-10,1.5889,2.52462
2022-11-11,1.05273,1.10825
2022-11-12,0.386532,0.149407
2022-11-13,0.492369,0.242428
2022-11-14,1.01054,1.0212
2022-11-15,0.553742,0.30663
2022-11-16,0.426612,0.181998
2022-11-17,0.338956,0.114891
2022-11-18,0.301212,0.0907285
2022-11-19,0.171918,0.0295558
2022-11-20,0.305519,0.0933421
2022-11-21,0.615965,0.379413
2022-11-22,0.447065,0.199868
2022-11-23,0.430615,0.185429
2022-11-24,0.305231,0.0931658
2022-11-25,0.253743,0.0643856
2022-11-26,0.207265,0.0429589
2022-11-27,0.190862,0.0364283
2022-11-28,0.357127,0.127539
2022-11-29,0.274123,0.0751432
2022-11-30,0.489477,0.239587
2022-12-01,0.271869,0.0739125
2022-12-02,0.271296,0.0736014
2022-12-03,0.152794,0.023346
2022-12-04,0.221158,0.048911
2022-12-05,0.296925,0.0881644
2022-12-06,0.219143,0.0480239
2022-12-07,0.236786,0.0560677
2022-12-08,0.238556,0.0569088
2022-12-09,0.173272,0.0300232
2022-12-10,0.0963074,0.00927511
2022-12-11,0.139541,0.0194716
2022-12-12,0.189413,0.0358774
2022-12-13,0.483992,0.234248
2022-12-14,0.434926,0.189161
2022-12-15,0.272569,0.074294
2022-12-16,0.39913,0.159305
2022-12-17,0.221683,0.0491433
2022-12-18,0.172607,0.0297931
2022-12-19,0.312383,0.097583
2022-12-20,0.327978,0.107569
2022-12-21,0.201099,0.0404408
2022-12-22,0.248474,0.0617395
2022-12-23,0.172054,0.0296027
2022-12-24,0.0722787,0.00522421
2022-12-25,0.140899,0.0198526
2022-12-26,0.108197,0.0117067
2022-12-27,0.17165,0.0294636
2022-12-28,0.220835,0.048768
2022-12-29,0.136281,0.0185726
2022-12-30,0.186057,0.0346173
2022-12-31,0.0998954,0.00997909
2023-01-01,0.0817591,0.00668455
2023-01-02,0.155045,0.0240388
2023-01-03,0.131399,0.0172656
2023-01-04,0.199168,0.0396681
2023-01-05,0.122072,0.0149015
2023-01-06,0.196415,0.0385789
2023-01-07,0.0537235,0.00288621
2023-01-08,0.130182,0.0169472
2023-01-09,0.208072,0.043294
2023-01-10,0.180774,0.0326794
2023-01-11,0.397723,0.158184
2023-01-12,0.763708,0.58325
2023-01-13,0.465382,0.21658
2023-01-14,0.948015,0.898733
2023-01-15,0.459831,0.211444
2023-01-16,0.595503,0.354624
2023-01-17,0.455158,0.207169
2023-01-18,0.613368,0.37622
2023-01-19,0.277537,0.077027
2023-01-20,0.489028,0.239148
2023-01-21,0.646208,0.417585
2023-01-22,0.455501,0.207481
2023-01-23,0.53122,0.282195
2023-01-24,0.40814,0.166578
2023-01-25,0.557376,0.310668
2023-01-26,0.349426,0.122098
2023-01-27,0.418605,0.17523
2023-01-28,0.173012,0.0299331
2023-01-29,0.40974,0.167887
2023-01-30,0.399425,0.15954
2023-01-31,0.330016,0.10891
2023-02-01,0.411398,0.169248
2023-02-02,0.492669,0.242723
2023-02-03,0.336342,0.113126
2023-02-04,0.200916,0.0403674
2023-02-05,0.257809,0.0664654
2023-02-06,0.319456,0.102052
2023-02-07,0.373505,0.139506
2023-02-08,0.297599,0.0885651
2023-02-09,0.447017,0.199824
2023-02-10,0.297734,0.0886455
2023-02-11,0.185552,0.0344297
2023-02-12,0.225096,0.0506684
2023-02-13,0.355495,0.126377
2023-02-14,0.41975,0.17619
2023-02-15,0.548268,0.300598
2023-02-16,0.685926,0.470494
2023-02-17,0.678594,0.46049
2023-02-18,0.297257,0.0883618
2023-02-19,0.417491,0.174299
2023-02-20,0.501292,0.251294
2023-02-21,0.481385,0.231731
2023-02-22,0.497081,0.24709
2023-02-23,0.494944,0.24497
2023-02-24,0.500325,0.250325
2023-02-25,0.266063,0.0707896
2023-02-26,0.306473,0.0939257
2023-02-27,0.397363,0.157897
2023-02-28,0.347618,0.120838
2023-03-01,0.455302,0.2073
2023-03-02,0.300896,0.0905385
2023-03-03,0.500008,0.250008
2023-03-04,0.163734,0.0268089
2023-03-05,0.315317,0.0994247
2023-03-06,0.228962,0.0524235
2023-03-07,0.366325,0.134194
2023-03-08,0.342733,0.117466
2023-03-09,0.548753,0.30113
2023-03-10,0.641158,0.411084
2023-03-11,0.556941,0.310183
2023-03-12,0.697915,0.487085
2023-03-13,0.991926,0.983916
2023-03-14,1.16295,1.35246
2023-03-15,0.78668,0.618865
2023-03-16,0.616272,0.379791
2023-03-17,0.808524,0.65371
2023-03-18,0.628452,0.394952
2023-03-19,0.539169,0.290703
2023-03-20,0.640352,0.410051
2023-03-21,0.487307,0.237468
2023-03-22,0.748119,0.559682
2023-03-23,0.600428,0.360514
2023-03-24,0.632737,0.400356
2023-03-25,0.308647,0.095263
2023-03-26,0.355965,0.126711
2023-03-27,0.512947,0.263115
2023-03-28,0.447052,0.199855
2023-03-29,0.477495,0.228001
2023-03-30,0.543455,0.295343
2023-03-31,0.460795,0.212332
2023-04-01,0.264512,0.0699665
2023-04-02,0.24535,0.0601965
2023-04-03,0.52692,0.277644
2023-04-04,0.383289,0.146911
2023-04-05,0.423004,0.178933
2023-04-06,0.283737,0.0805067
2023-04-07,0.214117,0.0458462
2023-04-08,0.143345,0.0205479
2023-04-09,0.24268,0.0588934
2023-04-10,0.410662,0.168643
2023-04-11,0.40834,0.166741
2023-04-12,0.399286,0.159429
2023-04-13,0.271727,0.0738355
2023-04-14,0.414993,0.17222
2023-04-15,0.170901,0.0292072
2023-04-16,0.215085,0.0462614
2023-04-17,0.347028,0.120429
2023-04-18,0.333886,0.11148
2023-04-19,0.464071,0.215362
2023-04-20,0.408349,0.166749
2023-04-21,0.415428,0.17258
2023-04-22,0.233614,0.0545757
2023-04-23,0.347753,0.120932
2023-04-24,0.416923,0.173825
2023-04-25,0.367448,0.135018
2023-04-26,0.89632,0.803389
2023-04-27,0.772833,0.597271
2023-04-28,0.381534,0.145568
2023-04-29,0.167716,0.0281288
2023-04-30,0.404122,0.163314
2023-05-01,0.515618,0.265862
2023-05-02,0.399959,0.159967
2023-05-03,0.425783,0.181291
2023-05-04,0.354667,0.125789
2023-05-05,0.409201,0.167446
2023-05-06,0.364012,0.132505
2023-05-07,0.29702,0.0882209
2023-05-08,0.512762,0.262924
2023-05-09,0.310816,0.0966063
2023-05-10,0.685506,0.469919
2023-05-11,0.391172,0.153015
2023-05-12,0.457396,0.209211
2023-05-13,0.273868,0.0750036
2023-05-14,0.233591,0.0545646
2023-05-15,0.326621,0.106682
2023-05-16,0.310288,0.0962788
2023-05-17,0.328614,0.107987
2023-05-18,0.384889,0.14814
2023-05-19,0.309338,0.09569
2023-05-20,0.139656,0.0195039
2023-05-21,0.227004,0.0515309
2023-05-22,0.266006,0.0707591
2023-05-23,0.250641,0.0628207
2023-05-24,0.35451,0.125678
2023-05-25,0.312889,0.0978993
2023-05-26,0.245027,0.0600381
2023-05-27,0.146658,0.0215086
2023-05-28,0.343011,0.117657
2023-05-29,0.302213,0.0913324
2023-05-30,0.304476,0.0927058
2023-05-31,0.307951,0.0948339
2023-06-01,0.340895,0.116209
2023-06-02,0.289466,0.0837904
2023-06-03,0.157963,0.0249524
2023-06-04,0.200955,0.0403831
2023-06-05,0.542221,0.294004
2023-06-06,0.507285,0.257338
2023-06-07,0.496582,0.246594
2023-06-08,0.307628,0.0946351
2023-06-09,0.272932,0.0744921
2023-06-10,0.536507,0.28784
2023-06-11,0.280636,0.0787568
2023-06-12,0.303575,0.0921579
2023-06-13,0.317835,0.101019
2023-06-14,0.460632,0.212182
2023-06-15,0.349629,0.122241
2023-06-16,0.370062,0.136946
2023-06-17,0.287382,0.0825886
2023-06-18,0.220838,0.0487694
2023-06-19,0.340356,0.115842
2023-06-20,0.475962,0.22654
2023-06-21,0.616176,0.379673
2023-06-22,0.450565,0.203009
2023-06-23,0.503539,0.253551
2023-06-24,0.281809,0.0794164
2023-06-25,0.293721,0.0862718
2023-06-26,0.394356,0.155516
2023-06-27,0.372053,0.138424
2023-06-28,0.356291,0.126943
2023-06-29,0.322179,0.103799
2023-06-30,0.725928,0.526971
2023-07-01,0.158105,0.0249972
2023-07-02,0.283723,0.0804987
2023-07-03,0.283224,0.0802156
2023-07-04,0.230208,0.0529957
2023-07-05,0.232768,0.0541811
2023-07-06,0.454127,0.206232
2023-07-07,0.314179,0.0987086
2023-07-08,0.144506,0.0208819
2023-07-09,0.154075,0.0237391
2023-07-10,0.321819,0.103567
2023-07-11,0.250671,0.0628357
2023-07-12,0.27764,0.0770842
2023-07-13,0.431249,0.185976
2023-07-14,0.401155,0.160925
2023-07-15,0.121944,0.0148704
2023-07-16,0.163825,0.0268385
2023-07-17,0.330465,0.109207
2023-07-18,0.274722,0.075472
2023-07-19,0.228022,0.0519939
2023-07-20,0.27233,0.0741635
2023-07-21,0.192509,0.0370598
2023-07-22,0.124199,0.0154254
2023-07-23,0.168768,0.0284825
2023-07-24,0.341922,0.116911
2023-07-25,0.179494,0.032218
2023-07-26,0.241545,0.0583442
2023-07-27,0.161079,0.0259465
2023-07-28,0.149553,0.022366
2023-07-29,0.0686962,0.00471917
2023-07-30,0.158552,0.0251388
2023-07-31,0.192926,0.0372204
2023-08-01,0.286303,0.0819697
2023-08-02,0.304751,0.092873
2023-08-03,0.192736,0.0371473
2023-08-04,0.169061,0.0285815
2023-08-05,0.0725279,0.0052603
2023-08-06,0.0953626,0.00909402
2023-08-07,0.213031,0.0453821
2023-08-08,0.293524,0.0861564
2023-08-09,0.245961,0.0604966
2023-08-10,0.173303,0.0300341
2023-08-11,0.131264,0.0172303
2023-08-12,0.0407462,0.00166025
2023-08-13,0.0673782,0.00453982
2023-08-14,0.179633,0.0322681
2023-08-15,0.163665,0.0267863
2023-08-16,0.188656,0.035591
2023-08-17,2.33567,5.45534
2023-08-18,0.504141,0.254158
2023-08-19,0.223191,0.0498141
2023-08-20,0.181801,0.0330516
2023-08-21,0.220485,0.0486138
2023-08-22,0.307227,0.0943882
2023-08-23,0.359969,0.129578
2023-08-24,0.238587,0.0569239
2023-08-25,0.218526,0.0477538
2023-08-26,0.0827855,0.00685344
2023-08-27,0.0953624,0.00909399
2023-08-28,0.202592,0.0410435
2023-08-29,0.601725,0.362073
2023-08-30,0.287392,0.0825942
2023-08-31,0.385094,0.148297
2023-09-01,0.36713,0.134785
2023-09-02,0.127031,0.0161369
2023-09-03,0.174178,0.0303379
2023-09-04,0.190935,0.0364562
2023-09-05,0.204362,0.0417636
2023-09-06,0.246461,0.0607432
2023-09-07,0.29021,0.0842218
2023-09-08,0.267026,0.0713029
2023-09-09,0.07797,0.00607932
2023-09-10,0.178899,0.0320048
2023-09-11,0.330499,0.10923
2023-09-12,0.455785,0.20774
2023-09-13,0.291379,0.0849018
2023-09-14,0.305564,0.0933693
2023-09-15,0.235022,0.0552355
2023-09-16,0.150502,0.022651
2023-09-17,0.116215,0.0135059
2023-09-18,0.344339,0.118569
2023-09-19,0.337014,0.113578
2023-09-20,0.325035,0.105647
2023-09-21,0.230665,0.0532065
2023-09-22,0.178825,0.0319784
2023-09-23,0.0660842,0.00436712
2023-09-24,0.169461,0.028717
2023-09-25,0.241212,0.0581834
2023-09-26,0.169582,0.028758
2023-09-27,0.23873,0.0569922
2023-09-28,0.331897,0.110155
2023-09-29,0.288205,0.0830619
2023-09-30,0.105971,0.0112299
2023-10-01,0.439291,0.192976
2023-10-02,0.489291,0.239405
2023-10-03,0.264061,0.0697285
2023-10-04,0.287571,0.0826969
2023-10-05,0.304872,0.0929471
2023-10-06,0.415114,0.17232
2023-10-07,0.132009,0.0174264
2023-10-08,0.194646,0.037887
2023-10-09,0.286382,0.0820147
2023-10-10,0.23056,0.0531578
2023-10-11,0.337272,0.113752
2023-10-12,0.202942,0.0411853
2023-10-13,0.243617,0.0593492
2023-10-14,0.0905669,0.00820236
2023-10-15,0.156008,0.0243385
2023-10-16,1.14013,1.29989
2023-10-17,0.339445,0.115223
2023-10-18,0.319969,0.10238
2023-10-19,0.312563,0.0976953
2023-10-20,0.427028,0.182353
2023-10-21,0.246892,0.0609555
2023-10-22,0.235177,0.0553083
2023-10-23,1.18426,1.40248
2023-10-24,0.89387,0.799004
2023-10-25,0.521017,0.271459
2023-10-26,0.387743,0.150345
2023-10-27,0.311219,0.0968575
2023-10-28,0.21817,0.0475981
2023-10-29,0.226934,0.0514992
2023-10-30,0.299608,0.0897648
2023-10-31,0.26818,0.0719203
2023-11-01,0.463257,0.214607
2023-11-02,0.388425,0.150874
2023-11-03,0.328816,0.10812
2023-11-04,0.206664,0.04271
2023-11-05,0.337844,0.114138
2023-11-06,0.268717,0.0722087
2023-11-07,0.367547,0.135091
2023-11-08,0.317234,0.100638
2023-11-09,0.652632,0.425928
2023-11-10,0.418379,0.175041
2023-11-11,0.241099,0.0581286
2023-11-12,0.205936,0.0424096
2023-11-13,0.325393,0.105881
2023-11-14,0.479486,0.229907
2023-11-15,0.542861,0.294699
2023-11-16,0.505665,0.255697
2023-11-17,0.439752,0.193382
2023-11-18,0.187249,0.0350622
2023-11-19,0.250646,0.0628232
2023-11-20,0.410865,0.16881
2023-11-21,0.446144,0.199045
2023-11-22,0.406318,0.165094
2023-11-23,0.248452,0.0617284
2023-11-24,0.408648,0.166993
2023-11-25,0.118953,0.0141499
2023-11-26,0.217161,0.0471589
2023-11-27,0.318544,0.10147
2023-11-28,0.337216,0.113715
2023-11-29,0.304471,0.0927027
2023-11-30,0.252211,0.0636106
2023-12-01,0.310771,0.0965783
2023-12-02,0.303345,0.0920179
2023-12-03,0.254762,0.0649037
2023-12-04,0.528769,0.279596
2023-12-05,0.505163,0.25519
2023-12-06,0.432266,0.186854
2023-12-07,0.338388,0.114507
2023-12-08,0.311833,0.0972401
2023-12-09,0.246389,0.0607073
2023-12-10,0.183039,0.0335034
2023-12-11,0.738029,0.544688
2023-12-12,0.491984,0.242048
2023-12-13,0.506817,0.256864
2023-12-14,0.478105,0.228584
2023-12-15,0.326152,0.106375
2023-12-16,0.237161,0.0562455
2023-12-17,0.33833,0.114467
2023-12-18,0.448892,0.201504
2023-12-19,0.395524,0.156439
2023-12-20,0.451887,0.204202
2023-12-21,0.350637,0.122946
2023-12-22,0.336698,0.113366
2023-12-23,0.195146,0.038082
2023-12-24,0.303189,0.0919233
2023-12-25,0.295785,0.0874887
2023-12-26,0.364679,0.132991
2023-12-27,0.327803,0.107455
2023-12-28,0.338488,0.114574
2023-12-29,0.377323,0.142373
2023-12-30,0.268781,0.072243
2023-12-31,0.273283,0.0746837
2024-01-01,0.305175,0.093132
2024-01-02,0.55646,0.309648
2024-01-03,1.29832,1.68564
2024-01-04,0.491183,0.241261
2024-01-05,0.585225,0.342488
2024-01-06,0.235491,0.055456
2024-01-07,0.3144,0.0988475
2024-01-08,0.590148,0.348275
2024-01-09,0.914067,0.835519
2024-01-10,0.805192,0.648335
2024-01-11,0.698143,0.487404
2024-01-12,0.819662,0.671846
2024-01-13,0.394255,0.155437
2024-01-14,0.364182,0.132628
2024-01-15,0.383557,0.147116
2024-01-16,0.456238,0.208153
2024-01-17,0.344535,0.118704
2024-01-18,0.437942,0.191793
2024-01-19,0.448451,0.201108
2024-01-20,0.189628,0.0359587
2024-01-21,0.144892,0.0209938
2024-01-22,0.540121,0.29173
2024-01-23,0.493931,0.243968
2024-01-24,0.389444,0.151667
2024-01-25,0.290112,0.0841648
2024-01-26,0.392101,0.153743
2024-01-27,0.186545,0.034799
2024-01-28,0.315417,0.0994877
2024-01-29,0.354341,0.125558
2024-01-30,0.37129,0.137857
2024-01-31,0.427208,0.182507
2024-02-01,0.355941,0.126694
2024-02-02,0.30274,0.0916516
2024-02-03,0.153579,0.0235866
2024-02-04,0.219293,0.0480894
2024-02-05,0.307603,0.0946195
2024-02-06,0.2723,0.0741471
2024-02-07,0.323098,0.104392
2024-02-08,0.325042,0.105652
2024-02-09,0.490634,0.240722
2024-02-10,0.246551,0.0607872
2024-02-11,0.28364,0.0804518
2024-02-12,0.449151,0.201737
2024-02-13,0.451493,0.203846
2024-02-14,0.430079,0.184968
2024-02-15,0.447484,0.200242
2024-02-16,0.342477,0.11729
2024-02-17,0.298871,0.0893237
2024-02-18,0.273717,0.0749209
2024-02-19,0.286118,0.0818635
2024-02-20,0.448094,0.200788
2024-02-21,0.362628,0.131499
2024-02-22,0.388996,0.151318
2024-02-23,0.303091,0.0918642
2024-02-24,0.177541,0.031521
2024-02-25,0.19925,0.0397005
2024-02-26,0.442748,0.196025
2024-02-27,0.664496,0.441555
2024-02-28,0.898922,0.808061
2024-02-29,0.741485,0.5498
2024-03-01,0.499827,0.249827
2024-03-02,0.273319,0.0747035
2024-03-03,0.298788,0.0892742
2024-03-04,0.843202,0.710989
2024-03-05,1.21642,1.47968
2024-03-06,0.89372,0.798736
2024-03-07,0.531025,0.281987
2024-03-08,0.721635,0.520758
2024-03-09,0.205009,0.0420286
2024-03-10,0.36903,0.136183
2024-03-11,0.604682,0.365641
2024-03-12,0.580978,0.337535
2024-03-13,0.422464,0.178476
2024-03-14,0.68345,0.467104
2024-03-15,1.05421,1.11135
2024-03-16,0.60129,0.361549
2024-03-17,0.600692,0.360831
2024-03-18,0.625341,0.391051
2024-03-19,0.937798,0.879466
2024-03-20,0.88516,0.783508
2024-03-21,0.639633,0.409131
2024-03-22,0.624047,0.389435
2024-03-23,0.48341,0.233685
2024-03-24,0.496132,0.246147
2024-03-25,0.525375,0.276019
2024-03-26,0.495428,0.245449
2024-03-27,0.534962,0.286184
2024-03-28,0.424236,0.179976
2024-03-29,0.316783,0.100351
2024-03-30,0.193226,0.0373364
2024-03-31,0.270378,0.073104
2024-04-01,0.395989,0.156808
2024-04-02,0.74933,0.561495
2024-04-03,0.466852,0.217951
2024-04-04,0.45424,0.206334
2024-04-05,0.538741,0.290241
2024-04-06,0.278171,0.0773793
2024-04-07,0.330801,0.109429
2024-04-08,0.452559,0.20481
2024-04-09,0.479686,0.230099
2024-04-10,0.562477,0.31638
2024-04-11,0.466617,0.217732
2024-04-12,0.54935,0.301785
2024-04-13,1.14404,1.30883
2024-04-14,0.79033,0.624622
2024-04-15,0.623488,0.388738
2024-04-16,0.675113,0.455777
2024-04-17,0.732963,0.537234
2024-04-18,0.61414,0.377168
2024-04-19,0.890421,0.79285
2024-04-20,0.398958,0.159167
2024-04-21,0.337516,0.113917
2024-04-22,0.44689,0.199711
2024-04-23,0.315787,0.0997214
2024-04-24,0.435612,0.189758
2024-04-25,0.418947,0.175516
2024-04-26,0.367217,0.134848
2024-04-27,0.360346,0.129849
2024-04-28,0.257178,0.0661407
2024-04-29,0.394453,0.155593
2024-04-30,0.565575,0.319875
2024-05-01,0.792333,0.627792
2024-05-02,0.525793,0.276458
2024-05-03,0.526221,0.276908
2024-05-04,0.397495,0.158003
2024-05-05,0.321174,0.103153
2024-05-06,0.430538,0.185363
2024-05-07,0.429499,0.184469
2024-05-08,0.405167,0.16416
2024-05-09,0.371966,0.138358
2024-05-10,0.422738,0.178708
2024-05-11,0.220996,0.0488394
2024-05-12,0.219718,0.0482762
2024-05-13,0.398456,0.158767
2024-05-14,0.434317,0.188631
2024-05-15,0.534425,0.28561
2024-05-16,0.358961,0.128853
2024-05-17,0.370934,0.137592
2024-05-18,0.213571,0.0456128
2024-05-19,0.271723,0.0738336
2024-05-20,0.498133,0.248136
2024-05-21,0.390939,0.152833
2024-05-22,0.346954,0.120377
2024-05-23,0.497954,0.247958
2024-05-24,0.337158,0.113676
2024-05-25,0.179896,0.0323624
2024-05-26,0.199813,0.0399254
2024-05-27,0.351163,0.123316
2024-05-28,0.453154,0.205349
2024-05-29,0.333611,0.111296
2024-05-30,0.361427,0.13063
2024-05-31,0.345757,0.119548
2024-06-01,0.130052,0.0169135
2024-06-02,0.229701,0.0527626
2024-06-03,0.382867,0.146587
2024-06-04,0.346615,0.120142
2024-06-05,0.329549,0.108603
2024-06-06,0.261031,0.0681371
2024-06-07,0.486036,0.236231
2024-06-08,0.114117,0.0130226
2024-06-09,0.127984,0.0163799
2024-06-10,0.217635,0.0473649
2024-06-11,0.438671,0.192432
2024-06-12,0.537836,0.289268
2024-06-13,0.372988,0.13912
2024-06-14,0.38599,0.148988
2024-06-15,0.14745,0.0217415
2024-06-16,0.174761,0.0305415
2024-06-17,0.407405,0.165979
2024-06-18,0.52532,0.275961
2024-06-19,0.263588,0.0694788
2024-06-20,0.33318,0.111009
2024-06-21,0.362041,0.131074
2024-06-22,0.110302,0.0121665
2024-06-23,0.175594,0.0308332
2024-06-24,0.548758,0.301135
2024-06-25,0.445553,0.198518
2024-06-26,0.324844,0.105524
2024-06-27,0.317268,0.100659
2024-06-28,0.335028,0.112244
2024-06-29,0.175302,0.0307306
2024-06-30,0.309135,0.0955644
2024-07-01,0.310782,0.0965857
2024-07-02,0.252775,0.0638954
2024-07-03,0.379203,0.143795
2024-07-04,0.571298,0.326382
2024-07-05,0.828514,0.686435
2024-07-06,0.342731,0.117465
2024-07-07,0.3769,0.142054
2024-07-08,0.768981,0.591332
2024-07-09,0.48199,0.232314
2024-07-10,0.434231,0.188556
2024-07-11,0.529146,0.279996
2024-07-12,0.404821,0.16388
2024-07-13,0.310851,0.0966286
2024-07-14,0.402762,0.162217
2024-07-15,0.483891,0.234151
2024-07-16,0.542176,0.293955
2024-07-17,0.451652,0.20399
2024-07-18,0.384389,0.147755
2024-07-19,0.426796,0.182154
2024-07-20,0.282064,0.07956
2024-07-21,0.395563,0.15647
2024-07-22,0.339984,0.115589
2024-07-23,0.398666,0.158934
2024-07-24,0.354967,0.126002
2024-07-25,0.492654,0.242708
2024-07-26,0.352833,0.124491
2024-07-27,0.612088,0.374652
2024-07-28,0.285392,0.0814484
2024-07-29,0.463512,0.214843
2024-07-30,0.392391,0.153971
2024-07-31,0.39885,0.159082
2024-08-01,0.490021,0.24012
2024-08-02,0.58716,0.344757
2024-08-03,0.497306,0.247313
2024-08-04,0.537976,0.289418
2024-08-05,1.95435,3.81949
2024-08-06,0.782999,0.613088
2024-08-07,0.63578,0.404216
2024-08-08,0.884943,0.783123
2024-08-09,0.666109,0.443702
2024-08-10,0.292417,0.0855078
2024-08-11,0.434015,0.188369
2024-08-12,0.727595,0.529394
2024-08-13,0.498786,0.248788
2024-08-14,0.481016,0.231377
2024-08-15,0.570735,0.325738
2024-08-16,0.513872,0.264064
2024-08-17,0.191369,0.0366219
2024-08-18,0.298531,0.0891211
2024-08-19,0.423237,0.179129
2024-08-20,0.456199,0.208118
2024-08-21,0.489201,0.239318
2024-08-22,0.380613,0.144866
2024-08-23,0.551137,0.303752
2024-08-24,0.26335,0.0693532
2024-08-25,0.230151,0.0529696
2024-08-26,0.34084,0.116172
2024-08-27,0.657908,0.432843
2024-08-28,0.620917,0.385537
2024-08-29,0.461377,0.212869
2024-08-30,0.430168,0.185044
2024-08-31,0.162797,0.0265029
2024-09-01,0.415994,0.173051
2024-09-02,0.383721,0.147242
2024-09-03,0.348122,0.121189
2024-09-04,0.663811,0.440645
2024-09-05,0.534086,0.285247
2024-09-06,0.6558,0.430073
2024-09-07,0.274444,0.0753198
2024-09-08,0.361627,0.130774
2024-09-09,0.483143,0.233427
2024-09-10,0.416053,0.1731
2024-09-11,0.528478,0.279289
2024-09-12,0.419941,0.176351
2024-09-13,0.370482,0.137257
2024-09-14,0.211611,0.0447792
2024-09-15,0.286664,0.0821764
2024-09-16,0.396002,0.156818
2024-09-17,0.466109,0.217258
2024-09-18,0.511584,0.261718
2024-09-19,0.426043,0.181512
2024-09-20,0.374126,0.13997
2024-09-21,0.181237,0.0328467
2024-09-22,0.283981,0.0806453
2024-09-23,0.385365,0.148506
2024-09-24,0.361169,0.130443
2024-09-25,0.329014,0.10825
2024-09-26,0.394095,0.155311
2024-09-27,0.291042,0.0847053
2024-09-28,0.177158,0.031385
2024-09-29,0.168959,0.0285471
2024-09-30,0.368294,0.135641
2024-10-01,0.484284,0.234531
2024-10-02,0.552514,0.305272
2024-10-03,0.430025,0.184921
2024-10-04,0.355744,0.126554
2024-10-05,0.150254,0.0225764
2024-10-06,0.19921,0.0396847
2024-10-07,0.427425,0.182692
2024-10-08,0.364733,0.13303
2024-10-09,0.320896,0.102974
2024-10-10,0.386546,0.149418
2024-10-11,0.337303,0.113773
2024-10-12,0.212744,0.04526
2024-10-13,0.253088,0.0640534
2024-10-14,0.394018,0.15525
2024-10-15,0.544026,0.295964
2024-10-16,0.385736,0.148792
2024-10-17,0.320548,0.102751
2024-10-18,0.330948,0.109527
2024-10-19,0.12606,0.0158912
2024-10-20,0.190694,0.0363642
2024-10-21,0.358845,0.12877
2024-10-22,0.347346,0.120649
2024-10-23,0.336498,0.113231
2024-10-24,0.308204,0.0949895
2024-10-25,0.544844,0.296855
2024-10-26,0.188684,0.0356017
2024-10-27,0.178007,0.0316864
2024-10-28,0.349295,0.122007
2024-10-29,0.42983,0.184753
2024-10-30,0.398709,0.158969
2024-10-31,0.368064,0.135471
2024-11-01,0.512163,0.262311
2024-11-02,0.201089,0.0404366
2024-11-03,0.351728,0.123713
2024-11-04,0.395465,0.156392
2024-11-05,0.440043,0.193638
2024-11-06,0.7099,0.503958
2024-11-07,0.392385,0.153966
2024-11-08,0.338908,0.114859
2024-11-09,0.193858,0.037581
2024-11-10,0.546743,0.298928
2024-11-11,0.632238,0.399725
2024-11-12,0.892373,0.79633
2024-11-13,0.863117,0.744971
2024-11-14,0.726226,0.527404
2024-11-15,0.605586,0.366734
2024-11-16,0.305207,0.0931514
2024-11-17,0.354472,0.125651
2024-11-18,0.56501,0.319236
2024-11-19,0.491461,0.241534
2024-11-20,0.433225,0.187683
2024-11-21,0.539235,0.290774
2024-11-22,0.381547,0.145578
2024-11-23,0.244911,0.0599815
2024-11-24,0.322817,0.104211
2024-11-25,0.563782,0.31785
2024-11-26,0.605947,0.367172
2024-11-27,0.420107,0.17649
2024-11-28,0.351035,0.123226
2024-11-29,0.339117,0.115001
2024-11-30,0.194883,0.0379794
2024-12-01,0.2365,0.0559321
2024-12-02,0.457902,0.209674
2024-12-03,0.399543,0.159635
2024-12-04,0.429412,0.184394
2024-12-05,1.15663,1.33778
2024-12-06,0.499878,0.249878
2024-12-07,0.262728,0.0690262
2024-12-08,0.282032,0.079542
2024-12-09,0.670912,0.450122
2024-12-10,0.600618,0.360742
2024-12-11,0.424546,0.180239
2024-12-12,0.428187,0.183344
2024-12-13,0.341909,0.116902
2024-12-14,0.262276,0.0687886
2024-12-15,0.307943,0.0948288
2024-12-16,0.470011,0.22091
2024-12-17,0.404156,0.163342
2024-12-18,0.612991,0.375758
2024-12-19,0.761816,0.580364
2024-12-20,0.74703,0.558054
2024-12-21,0.395525,0.15644
2024-12-22,0.426088,0.181551
2024-12-23,0.549713,0.302184
2024-12-24,0.421742,0.177866
2024-12-25,0.353787,0.125165
2024-12-26,0.442888,0.19615
2024-12-27,0.477383,0.227895
2024-12-28,0.219377,0.0481262
2024-12-29,0.265882,0.0706934
2024-12-30,0.433096,0.187572
2024-12-31,0.443461,0.196657
2025-01-01,0.270503,0.0731721
2025-01-02,0.424243,0.179982
2025-01-03,0.29824,0.088947
2025-01-04,0.167555,0.0280745
2025-01-05,0.205833,0.0423673
2025-01-06,0.422622,0.178609
2025-01-07,0.383954,0.147421
2025-01-08,0.542968,0.294814
2025-01-09,0.52448,0.275079
2025-01-10,0.592245,0.350755
2025-01-11,0.188081,0.0353744
2025-01-12,0.204525,0.0418304
2025-01-13,0.647656,0.419458
2025-01-14,0.442177,0.19552
2025-01-15,0.444878,0.197916
2025-01-16,0.420841,0.177107
2025-01-17,0.400213,0.160171
2025-01-18,0.405594,0.164506
2025-01-19,0.781928,0.611411
2025-01-20,1.285,1.65123
2025-01-21,0.717323,0.514553
2025-01-22,0.378496,0.143259
2025-01-23,0.851889,0.725715
2025-01-24,0.434686,0.188952
2025-01-25,0.204613,0.0418664
2025-01-26,0.229175,0.0525211
2025-01-27,0.650065,0.422585
2025-01-28,0.440991,0.194473
2025-01-29,0.438444,0.192233
2025-01-30,0.326941,0.106891
2025-01-31,0.369796,0.136749
2025-02-01,0.247069,0.0610429
2025-02-02,0.501301,0.251303
2025-02-03,0.876166,0.767666
2025-02-04,0.645099,0.416153
2025-02-05,0.461277,0.212777
2025-02-06,0.412566,0.17021
2025-02-07,0.490806,0.240891
2025-02-08,0.207849,0.043201
2025-02-09,0.294297,0.0866107
2025-02-10,0.358306,0.128383
2025-02-11,0.295761,0.0874745
2025-02-12,0.533831,0.284975
2025-02-13,0.341324,0.116502
2025-02-14,0.380546,0.144815
2025-02-15,0.147774,0.0218371
2025-02-16,0.158224,0.0250348
2025-02-17,0.263443,0.069402
2025-02-18,0.353418,0.124904
2025-02-19,0.303014,0.0918178
2025-02-20,0.257645,0.0663808
2025-02-21,0.424499,0.1802
2025-02-22,0.149168,0.0222511
2025-02-23,0.15895,0.025265
2025-02-24,0.429173,0.184189
2025-02-25,0.750756,0.563635
2025-02-26,0.812854,0.660731
2025-02-27,0.548178,0.300499
2025-02-28,1.04313,1.08812
2025-03-01,0.405563,0.164481
2025-03-02,0.825643,0.681687
2025-03-03,0.84842,0.719816
2025-03-04,0.916285,0.839578
2025-03-05,0.65357,0.427153
2025-03-06,0.683539,0.467225
2025-03-07,1.00774,1.01553
2025-03-08,0.338518,0.114594
2025-03-09,0.485221,0.23544
2025-03-10,0.872981,0.762096
2025-03-11,0.761111,0.57929
2025-03-12,0.524517,0.275118
2025-03-13,0.461029,0.212548
2025-03-14,0.414954,0.172187
2025-03-15,0.185884,0.0345527
2025-03-16,0.430454,0.185291
2025-03-17,0.370994,0.137637
2025-03-18,0.374359,0.140145
2025-03-19,0.411918,0.169676
2025-03-20,0.4305,0.18533
2025-03-21,0.313426,0.098236
2025-03-22,0.117341,0.0137689
2025-03-23,0.210031,0.0441132
2025-03-24,0.354405,0.125603
2025-03-25,0.32722,0.107073
2025-03-26,0.319065,0.101802
2025-03-27,0.283702,0.0804866
2025-03-28,0.339,0.114921
2025-03-29,0.309087,0.0955346
2025-03-30,0.286952,0.0823416
2025-03-31,0.450818,0.203237
2025-04-01,0.348191,0.121237
2025-04-02,0.631294,0.398533
2025-04-03,0.458903,0.210592
2025-04-04,0.628178,0.394608
2025-04-05,0.217006,0.0470918
2025-04-06,0.470691,0.22155
2025-04-07,1.02234,1.04518
2025-04-08,0.527006,0.277735
2025-04-09,0.885149,0.783488
2025-04-10,0.507449,0.257505
2025-04-11,0.504561,0.254582
2025-04-12,0.340289,0.115797
2025-04-13,0.443848,0.197001
2025-04-14,0.470443,0.221316
2025-04-15,0.347089,0.120471
2025-04-16,0.417894,0.174636
2025-04-17,0.271032,0.0734582
2025-04-18,0.132051,0.0174374
2025-04-19,0.164199,0.0269613
2025-04-20,0.179779,0.0323207
2025-04-21,0.406377,0.165142
2025-04-22,0.52062,0.271045
2025-04-23,0.421213,0.17742
2025-04-24,0.310066,0.0961408
2025-04-25,0.339374,0.115175
2025-04-26,0.185453,0.0343928
2025-04-27,0.228284,0.0521136
2025-04-28,0.322438,0.103966
2025-04-29,0.292209,0.0853858
2025-04-30,0.304304,0.0926009
2025-05-01,0.29357,0.0861832
2025-05-02,0.270931,0.0734033
2025-05-03,0.142285,0.0202449
2025-05-04,0.224547,0.0504215
2025-05-05,0.290479,0.0843782
2025-05-06,0.307479,0.0945435
2025-05-07,0.32503,0.105644
2025-05-08,0.40516,0.164155
2025-05-09,0.351448,0.123516
2025-05-10,0.242551,0.0588312
2025-05-11,0.3235,0.104652
2025-05-12,0.478987,0.229429
2025-05-13,0.326365,0.106514
2025-05-14,0.270191,0.0730032
2025-05-15,0.353146,0.124712
2025-05-16,0.271412,0.0736646
2025-05-17,0.198325,0.039333
2025-05-18,0.321517,0.103373
2025-05-19,0.402817,0.162262
2025-05-20,0.417083,0.173958
2025-05-21,0.541869,0.293622
2025-05-22,0.386708,0.149543
2025-05-23,0.41232,0.170008
2025-05-24,0.281722,0.079367
2025-05-25,0.282803,0.0799775
2025-05-26,0.26559,0.0705382
2025-05-27,0.327172,0.107042
2025-05-28,0.26593,0.0707188
2025-05-29,0.355309,0.126244
2025-05-30,0.35734,0.127692
2025-05-31,0.247674,0.0613423
2025-06-01,0.209303,0.0438077
2025-06-02,0.285019,0.0812358
2025-06-03,0.260432,0.0678248
2025-06-04,0.214294,0.0459221
2025-06-05,0.398696,0.158958
2025-06-06,0.259555,0.0673687
2025-06-07,0.184451,0.0340221
2025-06-08,0.152513,0.0232601
2025-06-09,0.319305,0.101956
2025-06-10,0.295953,0.087588
2025-06-11,0.284079,0.0807007
2025-06-12,0.325005,0.105628
2025-06-13,0.434365,0.188673
2025-06-14,0.182057,0.0331448
2025-06-15,0.193519,0.0374495
2025-06-16,0.294456,0.0867042
2025-06-17,0.346994,0.120405
2025-06-18,0.337639,0.114
2025-06-19,0.224831,0.0505488
2025-06-20,0.324723,0.105445
2025-06-21,0.319966,0.102378
2025-06-22,0.512359,0.262512
2025-06-23,0.457514,0.209319
2025-06-24,0.283424,0.0803292
2025-06-25,0.281873,0.0794525
2025-06-26,0.254109,0.0645711
2025-06-27,0.239553,0.0573854
2025-06-28,0.0822404,0.00676349
2025-06-29,0.163921,0.0268701
2025-06-30,0.226751,0.0514161
2025-07-01,0.232981,0.0542803
2025-07-02,0.267437,0.0715227
2025-07-03,0.272356,0.0741775
2025-07-04,0.198375,0.0393528
2025-07-05,0.108579,0.0117894
2025-07-06,0.154432,0.0238493
2025-07-07,0.215726,0.0465378
2025-07-08,0.196875,0.0387599
2025-07-09,0.268257,0.071962
2025-07-10,0.485102,0.235324
2025-07-11,0.329555,0.108606
2025-07-12,0.152968,0.0233991
2025-07-13,0.20608,0.042469
2025-07-14,0.401995,0.1616
2025-07-15,0.45583,0.207781
2025-07-16,0.328287,0.107772
2025-07-17,0.356165,0.126854
2025-07-18,0.323024,0.104345
2025-07-19,0.1638,0.0268304
2025-07-20,0.216133,0.0467137
2025-07-21,0.301896,0.091141
2025-07-22,0.354716,0.125824
2025-07-23,0.301794,0.0910794
2025-07-24,0.272498,0.0742552
2025-07-25,0.371435,0.137964
2025-07-26,0.138815,0.0192695
2025-07-27,0.194539,0.0378455
2025-07-28,0.267925,0.0717836
2025-07-29,0.274491,0.0753455
2025-07-30,0.260949,0.0680946
2025-07-31,0.235785,0.0555945
2025-08-01,0.393726,0.15502
2025-08-02,0.22821,0.0520798
2025-08-03,0.182018,0.0331305
2025-08-04,0.223218,0.0498265
2025-08-05,0.262401,0.0688542
2025-08-06,0.240351,0.0577688
2025-08-07,0.234671,0.0550705
2025-08-08,0.214993,0.046222
2025-08-09,0.156961,0.0246368
2025-08-10,0.242179,0.0586504
2025-08-11,0.342273,0.117151
2025-08-12,0.270244,0.073032
2025-08-13,0.357391,0.127728
2025-08-14,0.529577,0.280452
2025-08-15,0.247859,0.0614341
2025-08-16,0.120888,0.0146139
2025-08-17,0.138703,0.0192387
2025-08-18,0.284894,0.0811647
2025-08-19,0.280442,0.0786475
2025-08-20,0.292915,0.0857991
2025-08-21,0.283364,0.080295
2025-08-22,0.425875,0.18137
2025-08-23,0.166526,0.027731
2025-08-24,0.354669,0.12579
2025-08-25,0.437543,0.191444
2025-08-26,0.376553,0.141792
2025-08-27,0.302013,0.0912118
2025-08-28,0.255038,0.0650445
2025-08-29,0.312787,0.0978358
2025-08-30,0.172798,0.0298591
2025-08-31,0.168899,0.0285269
2025-09-01,0.32237,0.103923
2025-09-02,0.32899,0.108235
2025-09-03,0.278795,0.0777267
2025-09-04,0.26689,0.0712304
2025-09-05,0.302328,0.0914023
2025-09-06,0.121804,0.0148363
2025-09-07,0.138869,0.0192846
2025-09-08,0.221746,0.0491713
2025-09-09,0.256444,0.0657633
2025-09-10,0.28048,0.078669
2025-09-11,0.238023,0.0566548
2025-09-12,0.235929,0.0556627
2025-09-13,0.121012,0.014644
2025-09-14,0.139613,0.0194919
2025-09-15,0.24736,0.0611869
2025-09-16,0.206065,0.042463
2025-09-17,0.291003,0.0846829
2025-09-18,0.208855,0.0436206
2025-09-19,0.160168,0.0256538
2025-09-20,0.069661,0.00485265
2025-09-21,0.0955527,0.00913031
2025-09-22,0.315914,0.0998018
2025-09-23,0.2194,0.0481366
2025-09-24,0.217093,0.0471295
2025-09-25,0.347261,0.12059
2025-09-26,0.286721,0.0822088
2025-09-27,0.0861692,0.00742514
2025-09-28,0.161216,0.0259907
2025-09-29,0.235402,0.0554141
2025-09-30,0.227637,0.0518184
2025-10-01,0.27628,0.0763308
2025-10-02,0.270229,0.0730235
2025-10-03,0.343489,0.117985
2025-10-04,0.145673,0.0212207
2025-10-05,0.368418,0.135732
2025-10-06,0.308988,0.0954734
2025-10-07,0.339832,0.115486
2025-10-08,0.316256,0.100018
2025-10-09,0.312178,0.0974553
2025-10-10,1.83541,3.36872
2025-10-11,0.493311,0.243356
2025-10-12,0.490147,0.240245
2025-10-13,0.385518,0.148624
2025-10-14,0.443506,0.196698
2025-10-15,0.382452,0.14627
2025-10-16,0.542123,0.293897
2025-10-17,0.505837,0.255871
2025-10-18,0.223951,0.0501543
2025-10-19,0.319541,0.102106
2025-10-20,0.367707,0.135208
2025-10-21,0.568086,0.322722
2025-10-22,0.435289,0.189477
2025-10-23,0.402619,0.162102
2025-10-24,0.312664,0.0977589
2025-10-25,0.152122,0.023141
2025-10-26,0.297646,0.088593
2025-10-27,0.271589,0.0737607
2025-10-28,0.330984,0.10955
2025-10-29,0.514622,0.264836
2025-10-30,0.508734,0.25881
2025-10-31,0.448161,0.200848
2025-11-01,0.18228,0.0332258
2025-11-02,0.233856,0.0546885
2025-11-03,0.448024,0.200726
2025-11-04,0.644486,0.415362
2025-11-05,0.484312,0.234558
2025-11-06,0.475169,0.225786
2025-11-07,0.505867,0.255901
2025-11-08,0.278676,0.0776603
2025-11-09,0.333616,0.1113
2025-11-10,0.362423,0.131351
2025-11-11,0.418831,0.175419
2025-11-12,0.394381,0.155536
2025-11-13,0.519202,0.269571
2025-11-14,0.692138,0.479055
2025-11-15,0.361639,0.130783
2025-11-16,0.482452,0.23276
2025-11-17,0.515014,0.26524
2025-11-18,0.581858,0.338558
2025-11-19,0.520116,0.27052
2025-11-20,0.564355,0.318496
2025-11-21,0.943626,0.89043
2025-11-22,0.38811,0.150629
2025-11-23,0.385578,0.148671
2025-11-24,0.53238,0.283428
2025-11-25,0.468186,0.219198
2025-11-26,0.434219,0.188546
2025-11-27,0.322394,0.103938
2025-11-28,0.354784,0.125872
2025-11-29,0.205653,0.0422933
2025-11-30,0.236927,0.0561343
2025-12-01,0.601655,0.361989
2025-12-02,0.47129,0.222114
2025-12-03,0.57181,0.326967
2025-12-04,0.446946,0.199761
2025-12-05,0.421789,0.177906
2025-12-06,0.210299,0.0442256
2025-12-07,0.422393,0.178416
2025-12-08,0.413531,0.171008
2025-12-09,0.455615,0.207585
2025-12-10,0.506998,0.257047
2025-12-11,0.43644,0.19048
2025-12-12,0.392793,0.154287
2025-12-13,0.132785,0.0176319
2025-12-14,0.269881,0.0728357
2025-12-15,0.454213,0.20631
2025-12-16,0.360026,0.129619
2025-12-17,0.608755,0.370582
2025-12-18,0.587273,0.344889
2025-12-19,0.510506,0.260616
2025-12-20,0.137568,0.0189249
2025-12-21,0.224689,0.0504849
2025-12-22,0.391942,0.153619
2025-12-23,0.370604,0.137348
2025-12-24,0.280577,0.0787236
2025-12-25,0.229413,0.0526303
2025-12-26,0.340805,0.116148
2025-12-27,0.10877,0.011831
2025-12-28,0.127529,0.0162636
2025-12-29,0.357797,0.128018
2025-12-30,0.301062,0.0906383
2025-12-31,0.231932,0.0537923
2026-01-01,0.141744,0.0200914
2026-01-02,0.372979,0.139113
2026-01-03,0.166903,0.0278566
2026-01-04,0.220914,0.0488032
2026-01-05,0.319504,0.102083
2026-01-06,0.362461,0.131378
2026-01-07,0.310951,0.0966904
2026-01-08,0.326977,0.106914
2026-01-09,0.385917,0.148932
2026-01-10,0.0935479,0.0087512
2026-01-11,0.163454,0.0267172
2026-01-12,0.365715,0.133747
2026-01-13,0.377981,0.14287
2026-01-14,0.388693,0.151082
2026-01-15,0.394177,0.155376
2026-01-16,0.26482,0.0701295
2026-01-17,0.111835,0.0125071
2026-01-18,0.200635,0.0402543
2026-01-19,0.27809,0.0773338
2026-01-20,0.49988,0.24988
2026-01-21,0.528994,0.279835
2026-01-22,0.312979,0.097956
2026-01-23,0.366378,0.134233
2026-01-24,0.102492,0.0105046
2026-01-25,0.303246,0.0919578
2026-01-26,0.37819,0.143028
2026-01-27,0.310494,0.0964064
2026-01-28,0.344691,0.118812
2026-01-29,0.43487,0.189112
2026-01-30,0.612806,0.375531
2026-01-31,0.618831,0.382952
2026-02-01,0.683394,0.467028
2026-02-02,0.770654,0.593908
2026-02-03,0.702868,0.494024
2026-02-04,0.784239,0.615031
2026-02-05,1.25688,1.57975
2026-02-06,1.17786,1.38735
2026-02-07,0.731734,0.535434
2026-02-08,0.577305,0.333281
2026-02-09,0.595373,0.354468
2026-02-10,0.519791,0.270183
2026-02-11,0.644334,0.415166
2026-02-12,0.578343,0.33448
2026-02-13,0.464679,0.215927
2026-02-14,0.306141,0.0937223
2026-02-15,0.462727,0.214116
2026-02-16,0.484724,0.234957
2026-02-17,0.489903,0.240005
2026-02-18,0.462807,0.21419
2026-02-19,0.431366,0.186076
2026-02-20,0.48161,0.231948
2026-02-21,0.214791,0.0461351
2026-02-22,0.203156,0.0412725
2026-02-23,0.551821,0.304507
2026-02-24,0.555993,0.309129
2026-02-25,0.633533,0.401364
2026-02-26,0.509669,0.259763
2026-02-27,0.458925,0.210613
2026-02-28,0.639461,0.40891
2026-03-01,0.638459,0.40763
2026-03-02,0.638453,0.407622
2026-03-03,0.606341,0.36765
2026-03-04,0.650892,0.423661
2026-03-05,0.51585,0.266101
2026-03-06,0.492609,0.242663
2026-03-07,0.252331,0.063671
2026-03-08,0.501699,0.251701
2026-03-09,0.548685,0.301055
2026-03-10,0.569763,0.32463
2026-03-11,0.468086,0.219104
2026-03-12,0.415004,0.172228
2026-03-13,0.491587,0.241658
2026-03-14,0.210077,0.0441323
2026-03-15,0.30886,0.0953946
2026-03-16,0.524051,0.274629
2026-03-17,0.443758,0.196921
2026-03-18,0.413728,0.171171
2026-03-19,0.440357,0.193915
2026-03-20,0.4178,0.174557
2026-03-21,0.257544,0.0663288
2026-03-22,0.378866,0.143539
2026-03-23,0.785224,0.616577
2026-03-24,0.425355,0.180927
2026-03-25,0.369355,0.136423
2026-03-26,0.391086,0.152948
2026-03-27,0.428037,0.183216
2026-03-28,0.2275,0.0517562
2026-03-29,0.361122,0.130409
2026-03-30,0.467015,0.218103
2026-03-31,0.537987,0.28943
2026-04-01,0.376689,0.141894
2026-04-02,0.405795,0.16467
2026-04-03,0.246469,0.0607468
2026-04-04,0.130477,0.0170243
2026-04-05,0.282932,0.0800504
2026-04-06,0.35608,0.126793
2026-04-07,0.471686,0.222488
2026-04-08,0.377114,0.142215
2026-04-09,0.431333,0.186048
2026-04-10,0.323551,0.104685
2026-04-11,0.224005,0.0501784
2026-04-12,0.351654,0.12366
2026-04-13,0.406036,0.164865
2026-04-14,0.388976,0.151302
2026-04-15,0.355494,0.126376
2026-04-16,0.425751,0.181264
2026-04-17,0.415515,0.172652
2026-04-18,0.239811,0.0575092
2026-04-19,0.320612,0.102792
2026-04-20,0.369251,0.136347
2026-04-21,0.401132,0.160907
2026-04-22,0.329021,0.108255
2026-04-23,0.351666,0.123669
2026-04-24,0.286592,0.0821348
2026-04-25,0.124928,0.0156071
2026-04-26,0.26641,0.0709745
2026-04-27,0.329069,0.108287
2026-04-28,0.230983,0.0533533
2026-04-29,0.361695,0.130823
2026-04-30,0.250316,0.0626582
2026-05-01,0.292565,0.0855942
2026-05-02,0.150853,0.0227568
2026-05-03,0.217711,0.047398
2026-05-04,0.446489,0.199353
2026-05-05,0.275035,0.075644
2026-05-06,0.288384,0.0831655
2026-05-07,0.277285,0.076887
2026-05-08,0.261657,0.0684642
2026-05-09,0.13455,0.0181037
2026-05-10,0.263074,0.069208
2026-05-11,0.300472,0.0902832
2026-05-12,0.255132,0.0650924
2026-05-13,0.23712,0.056226
2026-05-14,0.34371,0.118137
2026-05-15,0.290206,0.0842195
2026-05-16,0.179402,0.032185
2026-05-17,0.202125,0.0408547
2026-05-18,0.316226,0.0999986
2026-05-19,0.265657,0.0705736
2026-05-20,0.239093,0.0571655
2026-05-21,0.286825,0.0822688
2026-05-22,0.258471,0.0668071
2026-05-23,0.290192,0.0842115
2026-05-24,0.246049,0.0605404
2026-05-25,0.191062,0.0365047
2026-05-26,0.332963,0.110865
2026-05-27,0.278085,0.0773314
2026-05-28,0.332682,0.110677
2026-05-29,0.325284,0.10581
2026-05-30,0.142415,0.0202821
2026-05-31,0.184636,0.0340905
2026-06-01,0.342409,0.117244
2026-06-02,0.496372,0.246386
2026-06-03,0.570298,0.32524
2026-06-04,0.83565,0.698311
2026-06-05,0.896902,0.804434
2026-06-06,0.540703,0.29236
2026-06-07,0.665369,0.442715
2026-06-08,0.48538,0.235594
2026-06-09,0.447523,0.200277
2026-06-10,0.506762,0.256808
2026-06-11,0.399954,0.159964
2026-06-12,0.341332,0.116507
2026-06-13,0.182949,0.0334702
2026-06-14,0.288753,0.0833783
2026-06-15,0.336375,0.113148
2026-06-16,0.317139,0.100577
2026-06-17,0.494805,0.244832
2026-06-18,0.395147,0.156141
2026-06-19,0.334345,0.111786
2026-06-20,0.252819,0.0639173
2026-06-21,0.25041,0.0627052
2026-06-22,0.346804,0.120273
2026-06-23,0.340008,0.115605
2026-06-24,0.451621,0.203962
2026-06-25,0.656099,0.430466
2026-06-26,0.583742,0.340755
2026-06-27,0.252948,0.0639828
2026-06-28,0.338923,0.114869
2026-06-29,0.49848,0.248482
2026-06-30,0.382012,0.145933
2026-07-01,0.447124,0.19992
2026-07-02,0.393119,0.154543
2026-07-03,0.28133,0.0791467
2026-07-04,0.234409,0.0549477
2026-07-05,0.233347,0.0544506
2026-07-06,0.469102,0.220057
2026-07-07,0.362903,0.131698
2026-07-08,0.374175,0.140007
2026-07-09,0.359,0.128881
2026-07-10,0.271121,0.0735065
2026-07-11,0.174948,0.0306069
2026-07-12,0.178026,0.0316932
2026-07-13,0.330054,0.108935
2026-07-14,0.344806,0.118891
2026-07-15,0.28765,0.0827424
2026-07-16,0.286555,0.082114
2026-07-17,0.311667,0.0971363
2026-07-18,0.13169,0.0173423
2026-07-19,0.159593,0.0254699
2026-07-20,0.390597,0.152566
2026-07-21,0.247572,0.061292
2026-07-22,0.234105,0.0548052
2026-07-23,0.23679,0.0560695
2026-07-24,0.267398,0.0715015
2026-07-25,0.106295,0.0112986
2026-07-26,0.153264,0.02349
2026-07-27,0.302667,0.0916071
2026-07-28,0.303959,0.0923913
2026-07-29,0.340618,0.116021
2026-07-30,0.258943,0.0670514
2026-07-31,0.291657,0.0850637
2026-08-01,0.139195,0.0193753
2026-08-02,0.218359,0.0476807
2026-08-03,0.2771,0.0767842
2026-08-04,0.257375,0.0662417
2026-08-05,0.250627,0.0628139
2026-08-06,0.20107,0.0404293
2026-08-07,0.215019,0.0462333
2026-08-08,0.0731772,0.0053549
2026-08-09,0.113611,0.0129075
2026-08-10,0.236992,0.0561653
2026-08-11,0.197722,0.0390941
2026-08-12,0.200279,0.0401117
2026-08-13,0.243036,0.0590663
