date,regime,n_points,F,canonical_weighted_vol_bp,canonical_unweighted_vol_bp,canonical_nfev,canonical_H,canonical_V0,canonical_theta,canonical_lam,canonical_nu,canonical_rho,wide_weighted_vol_bp,wide_unweighted_vol_bp,wide_nfev,wide_H,wide_V0,wide_theta,wide_lam,wide_nu,wide_rho,dloss_wide_minus_can
2023-01-04,pre,60,16841.71005769052,120.78037202137637,242.1078027391681,530,0.020886409622657226,0.005,0.5825406184250772,3.08119790258071,1.5139224229982111,-0.2518171886442001,129.7660966162322,339.4634757277779,457,0.34192183598230663,0.07880637852526044,0.45878029968852935,7.949211770334154,3.0,-0.26964624571090945,8.985724594855839
2023-01-11,pre,53,17931.31008768841,152.74804115611917,299.1434100551097,548,0.17924392467221306,0.17059705770750275,0.46686574816940485,2.7567311261359544,1.991980616115462,-0.14630848490853673,136.50559155913047,306.29725440675986,471,0.020004252261934384,0.16138621906725376,0.8733643802805173,0.5929321672191046,0.9530090806484304,-0.15957333993248085,-16.242449596988706
2023-01-18,pre,56,20751.223019536686,98.78303076950833,222.17847448471107,575,0.02,0.5700485615769674,0.340549103381705,7.9204055337231205,2.496105653988996,-0.044856676467281274,122.4498706166153,317.102808662885,471,0.03999267561596043,0.42590935536023167,0.23240219462911488,0.05001259248354617,0.8642093994422346,-0.04573437909116765,23.66683984710697
2023-01-25,pre,56,23112.065432549683,103.95897169115669,146.61549992693728,563,0.04751857422351981,0.5337556432449676,0.31356613974735137,6.680778576219119,2.2629817014929072,-0.004449196049575485,102.22374828884838,150.5002291228628,583,0.09698081574873184,0.5236536769903691,0.32096562095534276,7.462399635637797,2.6107770391200837,-0.005811808099492379,-1.735223402308307
2023-02-01,pre,61,23780.210343456827,93.12289317104104,146.0998758692103,542,0.049768461479934495,0.39576406939119135,0.33874849595751977,7.242772191031129,2.218325091957114,0.01868914073729041,85.01918785017429,128.09055083535253,553,0.02,0.374544276659745,0.3472167336024211,3.306249903763652,1.469666312378783,0.016534908570403954,-8.103705320866752
2023-02-08,pre,55,22941.94788377296,59.53446503449833,122.12423267327178,460,0.04593043925437726,0.24035430703728577,0.40489159239527805,2.8890684896722956,1.394271211196279,-0.07423415989593762,60.81001331104753,134.04239290681264,456,0.02,0.24148713212186254,0.4152141074047899,2.467041647234118,1.3099466388731487,-0.06556667915630288,1.2755482765491948
2023-02-15,pre,55,24328.748522407008,138.59853735593546,277.0822573693133,504,0.020278233214603092,0.2852210020687433,0.35981534625743994,2.3698947999221183,1.3606211383614417,-0.048404317268060174,182.97301395674322,527.762938298809,464,0.024268474163404635,0.26236594531119223,0.5358541701676147,0.4452885055164205,0.597705421883514,-0.03360730799659774,44.37447660080775
2023-02-22,pre,56,24164.206407933983,118.81282361865128,170.85857521535937,630,0.0243789657687387,0.22445570969663364,0.3834825303653637,7.982732782265359,1.9312875295798815,0.0017958550459212692,257.3137018253921,787.5067300489345,466,0.02100817242725629,0.2752690048307327,0.35646358570370884,7.977854046916413,0.06397495619621257,0.25546012618917713,138.50087820674082
2023-03-01,pre,63,23581.172186078467,86.277739258094,193.46751089113633,604,0.02,0.2865637627358012,0.3394298615285972,6.238086253167919,1.969741394809419,-0.039009983311098576,57.32210653943814,113.81780561259049,464,0.19616111089386512,0.2857858233210536,0.38784890931453037,2.942784139792342,1.8138955307140665,-0.019382537327005143,-28.955632718655863
2023-03-08,pre,64,21716.635108619375,95.97312126414428,209.70023162049702,480,0.24783976834378635,0.22193705523799,0.36476625407599206,5.602203352762116,2.4403753527009595,-0.09686670936917002,233.38427826429438,627.4515216177675,461,0.1478511693564969,0.21678508477848535,0.34039738769878514,3.5245360956393146,0.40488973460795474,-0.30592399255677016,137.4111570001501
2023-03-15,pre,56,24502.216937029814,329.4250355013548,902.5344271127709,396,0.02,0.7313972124860664,0.2569124968035625,8.0,0.05,-0.95,142.81779616517716,191.9348626482731,630,0.02,0.8100834188355794,0.27649891529562254,7.712098445004519,2.845651756177932,-0.05775843151089155,-186.60723933617763
2023-03-22,pre,56,27338.417898097272,108.6607272957338,163.9940122810703,531,0.02,0.602073064232611,0.3217130642410184,6.030413741688301,2.1400015801996197,0.014200933890839956,292.5442672462483,813.4355867282054,404,0.09375457265369283,0.5609753634980479,0.3099721254909904,8.0,0.05,0.5,183.8835399505145
2023-03-29,pre,56,28411.811295803967,111.22321143428111,190.37082176494275,457,0.02015278197295077,0.5693925294521887,0.32919226239078236,5.388800853594976,1.7339576444016456,0.06059516522020414,263.01717919240446,688.4376710554761,467,0.06516717595125611,0.5375441452797256,0.32435513915062797,7.087702715224596,0.05,0.5,151.79396775812336
2023-04-05,pre,61,28237.404368382366,105.45736339159487,249.00045202972925,404,0.05102685107453735,0.3354339244492054,0.38401467931147437,6.172396627289121,1.842000839163496,0.05985926462418216,123.85173622786218,445.20749472618843,476,0.45,0.3369413003720132,0.39942381180487285,7.28793860612077,3.0,0.06836344548013107,18.39437283626731
2023-04-12,pre,51,30018.627048861625,99.59466079550221,222.33259093423922,652,0.02,0.24826975888046815,0.3858666247738973,7.501461179128022,1.9584865115050847,0.013388502991609144,128.88102462969215,330.96861445359514,470,0.1739591193250798,0.28222464414934434,0.6314543181940753,0.7644665387502139,0.9934802294228389,0.02662633055899576,29.28636383418994
2023-04-19,pre,56,29038.91160735753,108.1734789853914,322.82842876318443,580,0.03791182304262738,0.27853937032497955,0.36638416563942594,6.963247312428452,1.9808554936552283,0.00025493840572529864,109.59281614107405,319.3493956407359,467,0.08343891342437701,0.29393096462810153,0.38124800404966663,3.0611677324449547,1.2053352482512874,0.0021430959358420265,1.4193371556826548
2023-04-26,pre,55,28328.28177153688,128.43130581652866,353.64851017357347,573,0.17469653525789514,0.33144106602781676,0.3521588480757476,8.0,2.996202298222814,-0.028966218701527168,128.0939916196848,366.6183512751036,486,0.20205943364303935,0.323617169949709,0.35163968260884393,7.95694419819684,2.9637843726156237,-0.01806256159558685,-0.3373141968438631
2023-05-03,pre,64,29036.661640368868,123.82281253908543,195.38074962626658,594,0.02,0.28263665098389446,0.30305680491806536,7.521103975783019,1.9260598555584088,0.0036651512365435254,244.18654115318995,701.5181033738339,478,0.2595898533609694,0.27318955102376985,0.29733036128509904,2.1227331711698083,0.05,0.09717535194078492,120.36372861410452
2023-05-10,pre,56,27523.264036009623,106.0685176784127,172.4405611031935,648,0.021910575530483575,0.22646740747563737,0.3115147130223922,8.0,1.998051440613204,2.295209963505616e-06,240.70506627351568,681.2146794444491,471,0.45,0.2650415102824386,0.4088346777615405,0.4529265847173489,0.05,0.3403633423425487,134.63654859510297
2023-05-17,pre,50,27351.826334177273,114.56652858467938,203.45841719288484,596,0.03999218117688225,0.19380374670350756,0.3081555283728673,7.922126455581216,2.1542538664238773,-0.02354645269035973,289.6237455808686,810.7212268132922,462,0.36139142696679305,0.23948310000625295,0.29649466487670306,3.1014810562249586,0.05428287082271993,0.36904457683803593,175.05721699618925
2023-05-24,pre,56,26323.7015141511,80.7401794147063,135.534459260865,466,0.02,0.24689776514958162,0.3232906547426755,2.118509635113899,1.343346539315872,-0.12102267119235738,76.86678897815459,132.11932087945905,485,0.11795372799879175,0.24318826497170826,0.34796100656633455,2.179289221994635,1.661944085147062,-0.11854771111134278,-3.873390436551716
2023-05-31,pre,63,27147.394136843788,80.53979127875782,133.7820436102577,473,0.16972061941670946,0.17980604482460028,0.3855759584045879,1.437697981097049,1.5307749509630972,-0.13347455090918126,83.8130007672454,143.3898940282097,458,0.08114371749257732,0.1763105425877688,0.4082756950254416,1.0521962734806225,1.2120215519341864,-0.1346615227150489,3.2732094884875806
2023-06-07,pre,64,26436.363235229073,134.33130793004747,208.75431420981084,580,0.23300014995808271,0.18664244506860328,0.34283969358773153,1.5242539122945218,1.8001526458120463,-0.10279479777877462,145.4616894812404,182.20546499827424,460,0.02083427834367147,0.1867533100080947,0.340088303069924,0.8269403754512035,1.016587924539321,-0.09187753469765336,11.130381551192926
2023-06-14,pre,56,25124.45624340738,116.59268219518049,253.37774801818813,462,0.1454496813284405,0.18260732590401024,0.3218180460920119,2.3187529605485544,2.00959607433332,-0.12697056523204497,116.36270537773048,253.6923233135182,502,0.02345252352739649,0.18084869889264488,0.47262745573043485,0.6604782108507139,1.1703976556753375,-0.12634324119573087,-0.22997681745000875
2023-06-21,pre,56,30188.444688642645,104.60685681012295,195.84045157280514,654,0.0682916597667791,0.4439797502979762,0.27540532344801083,7.990191916814936,2.7808383564273536,0.05289504841168042,322.08645381737017,856.5311160630785,460,0.05071962864275914,0.42062851368231113,0.25214293113548125,8.0,0.05036953589743237,0.5,217.4795970072472
2023-06-28,pre,53,30203.1540384903,148.83823980608435,250.5499319354825,610,0.022074485801784158,0.19496882179933872,0.301275991533531,6.637920574146202,2.071223917656835,0.04658743519755909,73.31660836065548,156.3449271503871,473,0.2911462170855062,0.2207988710955644,0.4166750120160738,2.2942031146098607,2.256032443986366,0.053183463786883725,-75.52163144542887
2023-07-05,pre,60,30578.38884253824,114.7876674339389,289.6703701882087,517,0.26860172248911307,0.17974381635090492,0.33178379461030627,6.045866297109091,2.6837673024615234,0.02114047380454831,117.24240238464034,282.48560134070215,532,0.06778129717991471,0.16124285737394545,0.34631197587594564,3.5813688314862695,1.504703068247688,0.017797902517545525,2.454734950701436
2023-07-12,pre,55,30456.322163830966,101.96632336963987,239.18117630128103,467,0.29530940843978426,0.12916540094039541,0.4062978499598864,3.2200202486347087,2.3041122943974717,0.05645405417679461,101.13921718746643,209.27878830480216,507,0.2166032136536336,0.12630541623013958,0.4341326782969584,2.358408427303851,1.7923865328825916,0.05807749280641952,-0.8271061821734378
2023-07-19,pre,50,29979.208863877546,79.35390298172618,323.0602530966559,563,0.19421951544302224,0.1130980557308546,0.4542992579516122,2.081624960430646,1.6054519152775397,0.06766028122148565,294.6656557622999,1460.882282667861,528,0.29953981538884955,0.1285547472525347,0.36403785090413443,2.6868475652994466,0.07533648361727813,-0.3440825913282801,215.3117527805737
2023-07-26,pre,54,29422.619186564873,57.319273021535196,206.4017656646629,470,0.14098796263926583,0.09556749325210687,0.49241142635473933,1.4483088982161765,1.2749837883018222,0.07131465461106182,69.83556551692752,329.0281772474702,457,0.35595496196890186,0.10703625903371611,0.4129045218443974,3.0269467255835725,2.5185432456550125,0.06759029353338064,12.516292495392321
2023-08-02,pre,64,29326.648065141657,104.36329145587399,397.99214290936044,462,0.2768893504783507,0.09426051614563877,0.5628916622422209,1.2423029182621765,1.6358521223404687,0.05420885309762462,334.8943231152777,1355.222721975167,541,0.37905465515779946,0.10380129068374558,0.2798225117936034,4.748722568779131,0.16518274021873586,-0.3700245149504215,230.5310316594037
2023-08-09,pre,56,29595.88197491265,167.8984020204091,344.99780899429487,369,0.07182761349645295,0.02301143077805129,0.3146616918341249,4.669330586759552,2.2122658861059747,0.1371199637729298,332.09408510793514,1079.9982987563221,472,0.3799850773921186,0.1594683491456943,0.5254507474332775,0.47943004855003624,0.050001191323154136,0.4906420189455396,164.19568308752605
2023-08-16,pre,56,28962.765691985063,104.3776116791128,379.9477212223308,463,0.27222559032712523,0.10151384700750257,0.39655382762784647,1.6160493925696384,1.8492019480874355,0.038367917173040625,94.9188932336453,267.57721413292757,494,0.1131691101747368,0.09193574190624593,0.41383879966726445,1.1910189603760668,1.2686359543658645,0.04404498956361953,-9.458718445467497
2023-08-23,pre,56,26441.812542294694,144.39430237764316,295.48275755753446,460,0.31551962695626856,0.1639695107994073,0.4210798531716091,2.11835634070917,2.6922094168429225,0.04842117559543059,138.8213230372428,249.32265827185543,461,0.1241114657694403,0.16167123605310957,0.8832140715192072,0.39170054463395043,1.343447302629893,0.05354071377140439,-5.572979340400366
2023-08-30,pre,64,27275.32373471094,94.86126671705148,142.12677398019363,454,0.05063236292975659,0.10620810713942597,0.3702164595968225,1.848085866658483,1.2134895881060421,0.08181360760371259,92.4031506675516,379.76830044872673,455,0.4499827441953441,0.13458873605386212,0.39260149347817297,2.8594017931286224,2.7998728206083587,0.06137856356213767,-2.4581160494998784
2023-09-06,pre,64,25693.50878605245,133.55226799014028,300.5609420979126,467,0.14744774284828682,0.09680546444825647,0.48210011751270254,1.6310534800907583,1.5952115749900622,-0.1084005835000783,186.31509003286303,305.14362082809737,372,0.14232399295167047,0.007146834650459739,0.30860668745279696,7.915750554487542,2.966566783217451,-0.12850742148408337,52.762822042722746
2023-09-13,pre,56,26255.5494512791,101.41411838446692,207.84806588199214,618,0.1640801295123671,0.09345092089498194,0.3400998536155218,5.8050176487358724,2.9151214194103763,-0.004978201863207384,77.93011370411614,193.4419764876044,584,0.1263325372369907,0.1276388347766588,0.41865623081578324,2.2792073057430646,1.832298790027249,0.00027692970938643743,-23.48400468035078
2023-09-20,pre,56,27153.295233035144,99.62548218327548,274.86524092027537,663,0.11154779776469617,0.03975971236063358,0.40121090552002237,5.098047198269022,2.8053488539484657,0.08727697722294658,108.13199638620146,291.09471773520175,475,0.022597111723047368,0.12701921977495734,0.9752687807403109,0.5090472728823241,1.0970223064739577,0.08432131809443777,8.506514202925985
2023-09-27,pre,56,26305.96257919978,124.16307554460533,266.0375507877028,628,0.08976229259549043,0.03901323726357832,0.7174099977990092,1.3799800804671376,1.9435183101274414,-0.04325789090677146,135.43632365489978,279.45927980074134,647,0.12748674282987044,0.0052028856854159445,0.5516142507839952,2.6930630125481616,2.6667730217543464,-0.050552998884761544,11.273248110294446
2023-10-04,pre,64,27589.29011637187,143.6355870948999,341.58718875713214,562,0.29401988231002363,0.08004786262777842,0.46519122920572864,2.9798106609079564,2.5904171909436187,0.012939627295500758,153.85850553237756,300.4687604842793,555,0.08052643830321356,0.05184024472636482,0.5394815419988699,1.6881512111484145,1.4424592491819221,0.016394822728001877,10.22291843747766
2023-10-11,pre,56,26731.43767123146,181.43559002853308,382.2852802821086,582,0.13000700136428578,0.007581436865337788,0.44403414287348986,2.9139322443773743,2.060856706949739,0.00599536012492327,138.12820055574952,298.6882874748575,527,0.14418406273309076,0.0737769293352783,0.6881559212634943,1.085751397562957,1.7080835745032963,-0.006534674823861079,-43.30738947278357
2023-10-18,pre,56,28352.241671829535,97.87648218804298,346.27296402211056,454,0.1397614953852217,0.10434118300107403,0.4818900182806165,1.5656882348151013,1.4776627016396553,0.09038327518552372,104.0079945903944,257.9405986793881,610,0.020114186141386936,0.07306564091005166,0.49803444915020234,1.4542788909162367,1.2268220803995198,0.10032250237023731,6.131512402351419
2023-10-25,pre,56,34682.274490476186,138.10915978907846,269.0635298229224,521,0.02,0.48445949341639893,0.31656984789760306,7.860863877052227,2.272972096770577,0.11579802893476528,127.54559881657124,297.4623992649839,450,0.02,0.3931382796735988,0.3301510021342001,0.8268806469431655,1.0587300856648905,0.10857356525700632,-10.563560972507219
2023-11-01,pre,63,35399.81218344488,184.6149799791599,301.7281318320785,465,0.1594848995958953,0.39986253427607354,0.35945043869407345,6.638060886934019,2.2545704846058534,0.2132337524910117,182.49244657046586,382.4614229287709,462,0.1306369780390998,0.3953258972580661,0.29000487194722036,0.25142785319100175,0.8703744128954165,0.2345791903957033,-2.1225334086940393
2023-11-08,pre,56,35904.237391233306,130.00228789594215,291.41492900637127,463,0.0544597934388658,0.30268793721756404,0.4120740789773921,7.166715307025168,2.3765389659997376,0.2101948989371245,197.98144177223534,503.4529943252376,456,0.3352016662996755,0.3486964708297744,0.7055090153505468,0.8679198613317984,1.813521817772715,0.13651370383713424,67.9791538762932
2023-11-15,pre,56,37879.93267528861,132.4631289503449,312.16932571382955,477,0.02,0.3961642319326839,0.38007544866017096,8.0,2.1943588663217195,0.2227197408258883,262.98717547994374,928.436218136892,467,0.05805192290721774,0.3597338027342828,0.7443631295952959,0.05,0.27299436966377433,0.5,130.52404652959885
2023-11-22,pre,55,37468.40019724224,159.18802145533562,308.3357367039126,382,0.021011664689596796,0.2392528898599872,0.4063574897430689,8.0,2.0166259197454908,0.1875979422395546,223.9015593249948,522.4312456800174,458,0.07220175696289688,0.32530683000574623,0.3881463725251072,2.7799132220225777,0.8255646799896579,0.36390134519549866,64.71353786965918
2023-11-29,pre,64,37914.50289711747,147.52352313430944,323.17480439253643,506,0.02,0.12991105296962946,0.4285423274432526,7.51479067719493,2.109814259099749,0.17812380975528347,266.95762129249533,683.6782952738798,464,0.19564914039171138,0.19588211104553194,0.40645217969575587,7.030925871594807,0.4274023594433649,0.24129737692274988,119.43409815818589
2023-12-06,pre,64,43888.34461934441,116.86798714020075,307.57889936556063,667,0.02,0.21080907040397823,0.4352497927123198,4.996031832359844,1.8810324513162775,0.06392654815055254,259.35281458597063,830.3711859957115,475,0.4411209591087273,0.2955866511860903,0.41650393410672715,3.6454914942248866,1.3760391002870112,0.13372034494591045,142.4848274457699
2023-12-13,pre,56,43027.96848091483,97.61151897226257,222.21577625057182,641,0.05194440965969914,0.16765494057959462,0.4333623743577417,4.922281617590169,1.9634531390082866,0.026821586191638318,159.42456663034872,529.3398989822609,456,0.02019119433570639,0.22516994572922128,0.5396735650646568,1.1675900118122784,0.6914754409460082,0.0648156464892139,61.81304765808615
2023-12-20,pre,64,43781.49240738932,122.16259305792605,228.4412878349832,646,0.02,0.25867865248468247,0.3870976485736275,8.0,2.0854986585927846,0.08129930772210449,281.43848137879337,874.1929076250548,467,0.020027223609035215,0.2191960418637019,0.3781340997420495,7.948035019004692,0.05,0.49959269012296126,159.27588832086732
2023-12-27,pre,56,43608.344698104,304.43727257287,658.5973494296446,461,0.020000422534522735,0.41274867327438103,0.31450411787562105,1.5251418293211496,0.08344737558033466,0.19121420079702844,303.847010163424,655.0155491140465,475,0.45,0.4078699344159492,0.35361094466384513,7.997048312356835,0.05,0.5,-0.5902624094459838
2024-02-07,post,56,44261.0060283774,73.8534705943018,242.5976803337458,467,0.34739804015057185,0.12148867946727732,0.3831512075188166,5.133296789818335,2.3973112808398174,0.09901540828069877,71.93104621663815,160.4893922694776,470,0.03615557797521557,0.12853272515922132,0.7809190988572663,0.6332180770856137,0.7449344442941808,0.10162513822605934,-1.9224243776636456
2024-02-14,post,56,51913.07181130873,150.91276426612572,265.02166505324027,375,0.021951481129089755,0.21189713393458998,0.4250045852480403,7.992017541171711,2.1458062894432777,0.2076949268028578,158.86489960013233,299.73591916574003,464,0.02,0.27853514792816914,0.4802792929142869,2.256800959106309,1.1200781861028644,0.20871663147990308,7.952135334006613
2024-02-21,post,54,51699.5488960102,153.2683526092204,269.6501745519019,420,0.02,0.13236393754403242,0.44329765792225395,7.986392109812117,1.5725904289161647,0.11228650400610429,150.42286870442535,265.8848654150334,484,0.028033829700727514,0.18195033259132543,0.4535904108522619,5.627057753195832,1.317825189568853,0.11268409008733538,-2.8454839047950315
2024-02-28,post,64,62579.3262852474,149.3977570042726,199.62241961337514,476,0.061125536279656,0.6766228216606676,0.3523353136295839,7.004346587209923,1.7781038628382584,0.17838777238435477,152.4713880416384,207.0448830532779,481,0.02,0.7393391785758745,0.34900113228309015,7.99677978415845,1.8413895174563675,0.17689970750643486,3.0736310373658
2024-03-06,post,64,66777.59268097773,272.4026126398713,470.63923686219414,307,0.02,0.8176362025375983,0.4453034419652589,8.0,0.05,-0.95,324.69557315506125,690.612718339341,441,0.02,0.5349031825423929,0.0050168920884729245,0.05,0.05,0.5,52.292960515189975
2024-03-13,post,56,73542.63137433515,106.31618618490447,174.84539130367114,565,0.02,0.7444189420592154,0.5891305365365638,8.0,2.34183165790954,0.06419249707638841,106.45445640416087,176.08218840924215,480,0.02,0.743803547310119,0.5892014754604938,8.0,2.3377877688947795,0.06463671607123533,0.13827021925639826
2024-03-20,post,56,67939.12846120572,244.88478717695827,676.0356185295932,258,0.02,0.39241042623622635,0.7184597252048797,8.0,0.05,0.499762880210908,244.04848323389925,664.679339601528,491,0.02,0.49765700745478847,0.7507660079021243,3.105458663959615,0.05,0.5,-0.836303943059022
2024-03-27,post,55,69542.91498657688,116.87137810085527,232.9648180948248,494,0.02,0.2730264124019509,0.7527196765582396,8.0,1.6826698122647707,0.02940167847654604,184.0590310838696,572.8973820921417,471,0.02,0.3804475899335322,0.7860065130689398,3.6575720480669,0.05,0.22608902024902755,67.18765298301433
2024-04-03,post,60,66239.72284881225,135.5355981480064,219.26780586563166,480,0.02,0.2277903009715807,0.7279276391492235,8.0,1.62360340074871,0.058320932940812385,176.3538283674855,498.9839235098763,472,0.02,0.41809140174076775,0.8770189639511925,1.4653874616802147,0.05,0.486917441821733,40.81823021947912
2024-04-10,post,53,70789.2318875116,166.91238920259696,506.78217382041964,463,0.39751427439669934,0.47174969069422573,0.7150805377208151,4.497111453014611,0.05,0.5,168.75293788867134,516.1096313800388,476,0.02,0.4253588878352572,0.8582065604066724,1.5156359424957566,0.05,0.4113589652872365,1.840548686074385
2024-04-17,post,54,61304.850622022124,242.85001243072347,835.5688543113312,465,0.4473613278039077,0.49184348657860555,0.7747756768571672,1.2076324639494205,0.05,0.5,249.07765580491494,818.8548200896694,470,0.02,0.4655932391525528,0.9911972596954828,0.464607094872173,0.15162047245483812,0.10629021897187067,6.227643374191473
2024-04-24,post,56,64186.479100578435,119.37356334337586,241.5640268658226,468,0.25849353142762665,0.3189794575349887,0.6665702088938905,4.855432542779164,2.638935496165537,-0.04100537825373447,145.95105847819315,198.35508874437897,474,0.02,0.12157783552638807,0.6232802897531926,7.784532256876158,2.161876916377693,-0.05372511281417022,26.577495134817283
2024-05-01,post,64,57985.22678763335,222.53357670299306,316.9953198318456,680,0.08539151818292348,0.26858552414407677,0.4894250753474887,7.996835296680127,2.8395109868759483,-0.0018657879532009798,297.5831264453228,837.8789712554558,456,0.02,0.31472288296546114,0.8447150320946135,0.4287832737737516,0.2008116393294302,0.23280088737577043,75.04954974232976
2024-05-08,post,62,61422.447576034276,127.97195715652016,339.9199197761188,460,0.2734444463997134,0.22865595977412367,0.5607776870361125,2.904760802823639,1.7050258851305875,0.03009780447555728,175.98537335634884,428.7623967638097,467,0.09081075360315988,0.25461654867150685,0.9786803840979315,0.49583151158365424,0.5166762497806683,-0.12472056062635517,48.01341619982868
2024-05-15,post,54,66401.22742959888,129.62392104483442,235.71802920394384,461,0.1977061962232527,0.2567790089832832,0.5236798243063565,5.627430720254576,2.3821569406179295,0.08556244431455673,129.76389732541475,331.8525893038618,470,0.26517902083889955,0.25003518160353944,0.5306316586368689,5.592235340472985,2.266879962647641,0.08104687603911337,0.13997628058032774
2024-05-22,post,56,69472.80825446047,102.47502785219399,390.88548692317033,463,0.3877382245972146,0.22182329764716013,0.5363169062546012,7.875756384434043,2.8734883906516346,0.14896630849496117,163.02850252688805,694.6186916817979,463,0.3250111383420732,0.27133776799462983,0.6377713651527519,2.1033097069866336,0.5171814700680613,0.30590621525951056,60.55347467469406
2024-05-29,post,55,67773.98047143978,98.26145610222243,268.6270479031324,460,0.16666531503415072,0.15851605377947892,0.648936941513985,3.029050162500531,1.4137866560211725,0.08938179098077675,176.09503883183334,656.8243285093625,471,0.20532761417954593,0.20598954780972378,0.7770012519410361,1.3864782737437573,0.08630118814601559,0.4773445216700283,77.83358272961091
2024-06-05,post,64,71357.11828624934,103.41688186684827,243.51955554342172,466,0.12358008614126775,0.21498079439631324,0.5525206234011848,3.1666022589397684,1.1708101346150466,0.12925875397649433,94.66989676454638,242.34586539740457,465,0.020294930430273597,0.21076984766591556,0.6692707676268888,1.5071359759810061,0.6459595030639038,0.13098948163105928,-8.746985102301892
2024-06-12,post,56,68417.87178047127,139.5754093957917,309.0183502230568,465,0.02,0.05569835725044078,0.6649819247487949,2.5377815714221317,0.9261436075333624,0.08446498031456512,113.26380131672927,295.311388003461,474,0.07408136126428949,0.14774022135063047,0.8214823364263582,1.298600741407253,0.8724622559700215,0.09806850260453676,-26.311608079062424
2024-06-19,post,56,65176.6170725326,125.75229895324978,490.13415499612915,470,0.19754961138558924,0.13492393679968057,0.6286276171522593,2.5801278494304682,1.215963922891775,0.09117191391228707,205.6053020090471,896.8119515598988,463,0.37727294526362787,0.19781870317714711,0.6441865126900954,1.9793107084985033,0.05000016612387084,0.48543433151944393,79.85300305579733
2024-06-26,post,55,61038.99641357328,131.74651969771102,268.70233203984856,462,0.29782931447112526,0.12089718499003038,0.600659651983249,3.465877026277605,1.8954439280070376,0.1471107713753711,163.85484413576822,491.7566799909901,459,0.38073875581170646,0.16760264491637272,0.5528864885707241,3.0025988113403734,0.5944824439243768,0.2927928651909656,32.108324438057195
2024-07-03,post,64,60254.23386338704,165.38456982715405,479.0484209539014,460,0.45,0.17891921465909094,0.7291081061649175,1.3146139812992303,1.325420990058563,0.036026512937601646,159.02740032009157,365.6146349568451,471,0.26544556182175544,0.15012862849345632,0.6279942849895626,1.6385730389685622,1.1555281312518009,0.03954269892242612,-6.35716950706248
2024-07-10,post,56,57754.155835248064,183.3745955412712,535.2564428094072,487,0.31617699647375264,0.19419396112950016,0.7063795116912837,1.553587364993409,1.4773261741634904,0.051105521321136924,180.79805905573764,458.7747805389082,463,0.10405031702707046,0.1688623134866008,0.9577028024076937,0.7390191454002413,0.891296549624904,0.04470206992047486,-2.576536485533552
2024-07-17,post,52,64479.96034047798,176.7702064890913,449.099740343539,407,0.020007074581149274,0.17631494905975598,0.4778091380938323,7.23949665352551,1.9559455131712769,0.10983841116518928,207.75967481092647,658.0888196756063,464,0.02,0.1587494391884347,0.49982971836050016,4.871311676921392,0.8913023527312594,0.147883554272358,30.989468321835176
2024-07-24,post,63,65750.4276295857,167.27328089039395,274.80893866998855,472,0.02081361228894614,0.3570058428111156,0.468390793416859,7.902190410982038,1.9033521583899713,0.22205505567521883,273.8065114388194,716.7626502245961,463,0.02,0.3956856818507868,0.5777008390361058,0.563063848283873,0.05,0.4748646501059661,106.53323054842548
2024-07-31,post,71,64933.58643125744,85.29760436592652,197.67258893713105,483,0.15706136704469598,0.17654555405501604,0.5349734572024728,2.1641172643701165,1.241359361114803,0.08190469733033348,128.3502218597859,375.18521475975365,472,0.029488968675714954,0.17232606334258882,0.5900911530927181,1.1986235900575233,0.4615764328503629,0.15728575992677424,43.05261749385939
2024-08-07,post,71,55370.56808763625,205.3781436751283,278.92114133084556,580,0.02004326998963393,0.2371255153680518,0.48344032197993814,7.558872233864537,1.9380226267734717,-0.05707748331616601,274.0119347926791,798.5513306989316,472,0.4470262819283157,0.35784839314177375,0.5011191416763299,2.0649626688028366,0.05,0.37598442114370495,68.63379111755077
2024-08-14,post,58,59160.19400055935,191.81306688891772,345.57597325662863,650,0.07517660856785004,0.07228294478570318,0.5074186614307096,7.9452902273881625,2.251798978956898,0.012825782010185376,252.4163319697752,856.3925089460369,461,0.45,0.2827309986500345,0.5190538999033489,3.310570340188843,0.05,-0.1954275490665111,60.60326508085748
2024-08-21,post,59,61284.246036635435,152.3726667084646,240.27040297172059,655,0.040755488185176825,0.11077645427617502,0.5096976158180886,6.057213417250038,1.6112102455352129,0.013503431464140257,245.3908133621482,818.0157881023227,467,0.0644832209809999,0.23406449779525618,0.6079144642755083,1.5895794426702885,0.05,-0.034176590455089806,93.0181466536836
2024-08-28,post,64,59205.86411261566,179.29104170478328,283.220095187437,639,0.04480615665201959,0.08421305253837803,0.5076154798022807,6.460850099949015,1.6155607125700597,-0.02693844782505371,230.94799797985894,714.2820907253281,458,0.4494709799037191,0.26183274671409096,0.4790132907499335,4.890421897735655,0.0832920673947456,0.18850270694607119,51.65695627507566
2024-09-04,post,71,58173.715547679065,140.78206137710896,206.9598561109107,618,0.03614449240119795,0.1298924732662731,0.4934200102804751,7.356147166805476,1.6506466195643217,-0.023826394615251555,209.22151602685295,606.0413841085638,475,0.45,0.27969158458363375,0.45459635039061286,7.570694951066358,0.05,0.34840326633885355,68.439454649744
2024-09-11,post,63,57423.21333171902,145.69324162948087,266.64899462990763,583,0.020000370444450466,0.11504900929390839,0.49390610489971676,7.763687479047713,1.8828895271596908,-0.00032509041382915285,217.74037794251817,661.9645204590572,462,0.42158621109201294,0.3069109399025326,0.5004254505042098,3.167880829905899,0.053141966735802945,0.5,72.0471363130373
2024-09-18,post,64,60606.51667912846,148.36397049849984,232.6567119032561,611,0.05881307574648448,0.0940405664226526,0.4759230203797541,7.378654115131008,1.979817269616301,0.0011385452918278782,157.66124921644948,314.33979163120193,463,0.14993197937933656,0.24413412410906143,0.6107128961837587,1.9243065332496192,1.3006712680454093,-0.005238991200781164,9.297278717949638
2024-09-25,post,64,63346.99529748124,148.7774057251883,292.23444217990817,532,0.07562006491298823,0.09381783353801831,0.4515121258311291,7.050497829567151,1.9158885626176572,-0.006497288058270555,230.17353985994748,754.6846812041615,395,0.07595542115250696,0.08190500620781113,0.43696807628011824,6.650185300054961,0.05,0.22716611459691105,81.3961341347592
2024-10-02,post,66,60869.61319887435,165.4074730743202,344.7543489084165,605,0.02,0.12917141447651898,0.42075683848543055,7.967504173368578,1.686539488591388,0.0004350886546536896,234.3759514170847,524.4103750233754,477,0.027155652472688085,0.10410765953912479,0.41516309113429073,7.9789013688244985,0.050386732343121354,-0.44034293263057445,68.96847834276451
2024-10-09,post,62,60765.6781483508,139.649101292201,354.6791146208326,646,0.0335520943333707,0.13700782650010446,0.38704301420792764,8.0,1.8627403847753892,0.025880592513255002,228.4928318399175,624.0476943982518,469,0.02160329740452648,0.10992207859082634,0.3794219998570665,8.0,0.08349815901058452,-0.01589197747573927,88.84373054771649
2024-10-16,post,62,67837.88886739162,152.3454369974264,322.3877883349489,635,0.02,0.22067818181932058,0.3866583383682424,8.0,1.6414046672378455,0.0464011077760839,152.6304780864633,320.8497527209005,473,0.022943738377579247,0.2231333916369186,0.38695771153387915,7.87367336220665,1.6524232286393266,0.04476294493019756,0.28504108903692327
2024-10-23,post,56,66630.49076555713,223.30939255267967,596.6061791992943,462,0.02,0.24440032498858522,0.33777592921652777,6.913751277686352,0.2837058958986911,0.4882796267930246,187.12078242584525,429.373124238683,469,0.3507381484339387,0.2970305688949654,0.3597131494610821,3.3754637401988115,1.3563975533246304,0.1092958269882918,-36.18861012683442
2024-10-30,post,63,72546.27245386246,202.90583261710748,390.0936396716489,472,0.02,0.5020668886837485,0.27544561825466873,6.490055913927719,1.2803051479258887,0.10848558804504216,190.2386987033239,312.71323899301944,577,0.03294478497157581,0.5605148385607165,0.2699631091028547,7.998769042891289,1.5228390372574248,0.05003330104924242,-12.667133913783573
2024-11-06,post,63,76041.50998912554,212.96251316888345,781.8733674714825,361,0.02,0.3310488010681883,0.3070759240181882,8.0,0.05,0.49999957389581806,196.92260454090098,766.6161005703095,475,0.2810541207785268,0.3141165273329918,0.3002807401799916,0.35204703251000813,0.3454725644816176,0.19859252791324106,-16.03990862798247
2024-11-13,post,56,90549.67528647304,104.35670633300921,244.39900453022716,600,0.027456026362816938,0.49481029198323223,0.2964883996341027,7.598499722611846,1.883258998508237,0.05501796749908311,217.63515351863802,742.6269087662737,462,0.03592130776101905,0.45775027734850293,0.2912642779917015,7.984969274913498,0.05,-0.22641491945028216,113.2784471856288
2024-11-20,post,56,94612.31078564985,118.30009080633555,283.2505997970771,428,0.02,0.4493337653245133,0.366327955503311,8.0,2.123851027780395,0.10902722088966155,238.44040005778913,815.9720447032055,454,0.1796256014355586,0.37021194857869166,0.23384731354405042,0.07999579271589469,0.05,0.5,120.14030925145359
2024-11-27,post,54,96395.95992681503,98.2339218113222,248.07693128683718,486,0.02,0.36529303083536535,0.40590449385692484,5.006552721409758,1.657860053163194,0.05911925173946732,249.81063647926635,815.5279769841746,473,0.022017788496826132,0.3559554992323888,0.39078029754133525,1.421102134632653,0.0872661992955841,0.4958856047889142,151.57671466794415
2024-12-04,post,63,99366.24717056134,111.31655077036766,260.6922661017747,427,0.02,0.32806550139208845,0.3757033502091644,8.0,2.1362130885563526,0.11751931822552811,103.07351878127184,250.70318083635405,483,0.18092658404278128,0.3313063262380398,0.38595309564317576,7.031852631908508,2.470673667884606,0.11554686877891376,-8.243031989095812
2024-12-11,post,56,101684.31746100629,113.05721500650034,229.0827318751333,372,0.02,0.37846060273764603,0.39750076565331527,7.812722295824708,2.075753855110199,0.08553288984235459,223.4685428710518,750.7263825319562,461,0.02,0.34279954024004056,0.40789379913564305,1.842713485071135,0.20351085306385946,0.4069922210009429,110.41132786455145
2024-12-18,post,56,101095.14068098865,128.80660984669467,351.9240369363441,621,0.02,0.2717946241755746,0.4508431172445528,7.421098141480096,2.227322658345014,-0.04757620589583297,243.0622795500983,753.1701505352557,463,0.020060189936213627,0.16774780308189963,0.44822344308788353,8.0,0.5498013068167631,-0.25799899144860605,114.25566970340364
2024-12-25,post,54,98986.47842003198,103.35764524891641,205.79031316887378,576,0.026741297253401713,0.2775243592211526,0.43794964323578933,8.0,2.1996111540230068,0.023801846202525623,235.1013645755071,634.2368269578981,473,0.02,0.24240986978287,0.42873669133978987,6.595651707364233,0.05,0.49773173640224855,131.74371932659068
